2026-08-31 01:56:12 monitor start: @ternaklaundrybengkong every 10s, act after 6 bad checks (restart)
2026-08-31 01:56:43 check 1/6: {"status": "OFFLINE", "msg": "no active live broadcast on the channel"}
2026-08-31 01:56:56 check 2/6: {"status": "OFFLINE", "msg": "no active live broadcast on the channel"}
2026-08-31 01:57:08 check 3/6: {"status": "OFFLINE", "msg": "no active live broadcast on the channel"}
2026-08-31 01:57:21 check 4/6: {"status": "OFFLINE", "msg": "no active live broadcast on the channel"}
2026-08-31 01:57:36 check 5/6: {"status": "OFFLINE", "msg": "no active live broadcast on the channel"}
2026-08-31 01:57:50 check 6/6: {"status": "OFFLINE", "msg": "no active live broadcast on the channel"}
2026-08-31 01:57:50 ACTION: restarting the streamer (sustained bad output on YouTube)
2026-08-31 01:59:03 check 1/6: {"status": "OFFLINE", "msg": "no active live broadcast on the channel"}
2026-08-31 01:59:16 check 2/6: {"status": "OFFLINE", "msg": "no active live broadcast on the channel"}
2026-08-31 01:59:29 check 3/6: {"status": "OFFLINE", "msg": "no active live broadcast on the channel"}
2026-08-31 01:59:43 check 4/6: {"status": "OFFLINE", "msg": "no active live broadcast on the channel"}
2026-08-31 01:59:55 check 5/6: {"status": "OFFLINE", "msg": "no active live broadcast on the channel"}
2026-08-31 02:00:08 check 6/6: {"status": "OFFLINE", "msg": "no active live broadcast on the channel"}
2026-08-31 02:00:08 ACTION: restarting the streamer (sustained bad output on YouTube)
2026-08-31 02:01:21 check 1/6: {"status": "OFFLINE", "msg": "no active live broadcast on the channel"}
2026-08-31 02:01:32 check 2/6: {"status": "OFFLINE", "msg": "no active live broadcast on the channel"}
2026-08-31 02:01:44 check 3/6: {"status": "OFFLINE", "msg": "no active live broadcast on the channel"}
2026-08-31 02:01:56 check 4/6: {"status": "OFFLINE", "msg": "no active live broadcast on the channel"}
2026-08-31 02:02:08 check 5/6: {"status": "OFFLINE", "msg": "no active live broadcast on the channel"}
2026-08-31 02:02:21 check 6/6: {"status": "OFFLINE", "msg": "no active live broadcast on the channel"}
2026-08-31 02:02:21 ACTION: restarting the streamer (sustained bad output on YouTube)
2026-08-31 02:03:35 check 1/6: {"status": "OFFLINE", "msg": "no active live broadcast on the channel"}
2026-08-31 02:03:47 check 2/6: {"status": "OFFLINE", "msg": "no active live broadcast on the channel"}
2026-08-31 02:04:01 check 3/6: {"status": "OFFLINE", "msg": "no active live broadcast on the channel"}
2026-08-31 02:04:16 check 4/6: {"status": "OFFLINE", "msg": "no active live broadcast on the channel"}
2026-08-31 02:04:30 check 5/6: {"status": "OFFLINE", "msg": "no active live broadcast on the channel"}
2026-08-31 02:04:43 check 6/6: {"status": "OFFLINE", "msg": "no active live broadcast on the channel"}
2026-08-31 02:04:43 ACTION: restarting the streamer (sustained bad output on YouTube)
2026-08-31 02:05:58 check 1/6: {"status": "OFFLINE", "msg": "no active live broadcast on the channel"}
2026-08-31 02:06:13 check 2/6: {"status": "OFFLINE", "msg": "no active live broadcast on the channel"}
2026-08-31 02:06:26 check 3/6: {"status": "OFFLINE", "msg": "no active live broadcast on the channel"}
2026-08-31 02:06:39 check 4/6: {"status": "OFFLINE", "msg": "no active live broadcast on the channel"}
2026-08-31 02:06:51 check 5/6: {"status": "OFFLINE", "msg": "no active live broadcast on the channel"}
2026-08-31 02:07:05 check 6/6: {"status": "OFFLINE", "msg": "no active live broadcast on the channel"}
2026-08-31 02:07:06 ACTION: restarting the streamer (sustained bad output on YouTube)
2026-08-31 02:08:29 check 1/6: {"status": "OFFLINE", "msg": "no active live broadcast on the channel"}
2026-08-31 02:08:46 check 2/6: {"status": "OFFLINE", "msg": "no active live broadcast on the channel"}
2026-08-31 02:09:11 check 3/6: {"status": "OFFLINE", "msg": "no active live broadcast on the channel"}
2026-08-31 02:09:28 check 4/6: {"status": "OFFLINE", "msg": "no active live broadcast on the channel"}
2026-08-31 02:09:46 check 5/6: {"status": "OFFLINE", "msg": "no active live broadcast on the channel"}
2026-08-31 02:10:08 check 6/6: {"status": "OFFLINE", "msg": "no active live broadcast on the channel"}
2026-08-31 02:10:08 ACTION: restarting the streamer (sustained bad output on YouTube)
2026-08-31 02:14:15 check 1/6: {"status": "FROZEN", "vid": "8kLk3AqMd6M", "corr": 0.792, "luma": 135.5, "frozen": true, "msg": "identical to previous pull - picture is stuck"}
2026-08-31 02:14:52 recovered after 1 bad checks: {"status": "OK", "vid": "8kLk3AqMd6M", "corr": 0.792, "luma": 135.7, "frozen": false, "msg": ""}
2026-08-31 02:16:03 check 1/6: {"status": "FROZEN", "vid": "8kLk3AqMd6M", "corr": 0.778, "luma": 134.1, "frozen": true, "msg": "identical to previous pull - picture is stuck"}
2026-08-31 02:16:24 check 2/6: {"status": "OFFLINE", "msg": "no active live broadcast on the channel"}
2026-08-31 02:16:43 check 3/6: {"status": "OFFLINE", "msg": "no active live broadcast on the channel"}
2026-08-31 02:16:58 check 4/6: {"status": "OFFLINE", "msg": "no active live broadcast on the channel"}
2026-08-31 02:17:15 check 5/6: {"status": "OFFLINE", "msg": "no active live broadcast on the channel"}
2026-08-31 02:17:37 check 6/6: {"status": "OFFLINE", "msg": "no active live broadcast on the channel"}
2026-08-31 02:17:37 ACTION: restarting the streamer (sustained bad output on YouTube)
2026-08-31 02:19:01 check 1/6: {"status": "OFFLINE", "msg": "no active live broadcast on the channel"}
2026-08-31 02:19:23 check 2/6: {"status": "OFFLINE", "msg": "no active live broadcast on the channel"}
2026-08-31 02:19:44 check 3/6: {"status": "OFFLINE", "msg": "no active live broadcast on the channel"}
2026-08-31 02:20:05 check 4/6: {"status": "OFFLINE", "msg": "no active live broadcast on the channel"}
2026-08-31 02:20:24 check 5/6: {"status": "OFFLINE", "msg": "no active live broadcast on the channel"}
2026-08-31 02:20:44 check 6/6: {"status": "OFFLINE", "msg": "no active live broadcast on the channel"}
2026-08-31 02:20:44 ACTION: restarting the streamer (sustained bad output on YouTube)
2026-08-31 02:21:58 check 1/6: {"status": "OFFLINE", "msg": "no active live broadcast on the channel"}
2026-08-31 02:22:12 check 2/6: {"status": "OFFLINE", "msg": "no active live broadcast on the channel"}
2026-08-31 02:22:26 check 3/6: {"status": "OFFLINE", "msg": "no active live broadcast on the channel"}
2026-08-31 02:22:40 check 4/6: {"status": "OFFLINE", "msg": "no active live broadcast on the channel"}
2026-08-31 02:22:53 check 5/6: {"status": "OFFLINE", "msg": "no active live broadcast on the channel"}
2026-08-31 02:23:07 check 6/6: {"status": "OFFLINE", "msg": "no active live broadcast on the channel"}
2026-08-31 02:23:07 ACTION: restarting the streamer (sustained bad output on YouTube)
2026-08-31 02:24:22 check 1/6: {"status": "OFFLINE", "msg": "no active live broadcast on the channel"}
2026-08-31 02:24:36 check 2/6: {"status": "OFFLINE", "msg": "no active live broadcast on the channel"}
2026-08-31 02:24:50 check 3/6: {"status": "OFFLINE", "msg": "no active live broadcast on the channel"}
2026-08-31 02:25:03 check 4/6: {"status": "OFFLINE", "msg": "no active live broadcast on the channel"}
2026-08-31 02:25:17 check 5/6: {"status": "OFFLINE", "msg": "no active live broadcast on the channel"}
2026-08-31 02:25:30 check 6/6: {"status": "OFFLINE", "msg": "no active live broadcast on the channel"}
2026-08-31 02:25:30 ACTION: restarting the streamer (sustained bad output on YouTube)
2026-08-31 02:26:46 check 1/6: {"status": "OFFLINE", "msg": "no active live broadcast on the channel"}
2026-08-31 02:27:01 check 2/6: {"status": "OFFLINE", "msg": "no active live broadcast on the channel"}
2026-08-31 02:27:16 check 3/6: {"status": "OFFLINE", "msg": "no active live broadcast on the channel"}
2026-08-31 02:27:32 check 4/6: {"status": "OFFLINE", "msg": "no active live broadcast on the channel"}
2026-08-31 02:27:49 check 5/6: {"status": "OFFLINE", "msg": "no active live broadcast on the channel"}
2026-08-31 02:28:04 check 6/6: {"status": "OFFLINE", "msg": "no active live broadcast on the channel"}
2026-08-31 02:28:04 ACTION: restarting the streamer (sustained bad output on YouTube)
2026-08-31 02:29:19 check 1/6: {"status": "OFFLINE", "msg": "no active live broadcast on the channel"}
2026-08-31 02:29:31 check 2/6: {"status": "OFFLINE", "msg": "no active live broadcast on the channel"}
2026-08-31 02:29:44 check 3/6: {"status": "OFFLINE", "msg": "no active live broadcast on the channel"}
2026-08-31 02:29:58 check 4/6: {"status": "OFFLINE", "msg": "no active live broadcast on the channel"}
2026-08-31 02:30:12 check 5/6: {"status": "OFFLINE", "msg": "no active live broadcast on the channel"}
2026-08-31 02:30:26 check 6/6: {"status": "OFFLINE", "msg": "no active live broadcast on the channel"}
2026-08-31 02:30:26 ACTION: restarting the streamer (sustained bad output on YouTube)
2026-08-31 02:31:41 check 1/6: {"status": "OFFLINE", "msg": "no active live broadcast on the channel"}
2026-08-31 02:31:56 check 2/6: {"status": "OFFLINE", "msg": "no active live broadcast on the channel"}
2026-08-31 02:32:08 check 3/6: {"status": "OFFLINE", "msg": "no active live broadcast on the channel"}
2026-08-31 02:32:21 check 4/6: {"status": "OFFLINE", "msg": "no active live broadcast on the channel"}
2026-08-31 02:32:34 check 5/6: {"status": "OFFLINE", "msg": "no active live broadcast on the channel"}
2026-08-31 02:32:46 check 6/6: {"status": "OFFLINE", "msg": "no active live broadcast on the channel"}
2026-08-31 02:32:46 ACTION: restarting the streamer (sustained bad output on YouTube)
2026-08-31 02:33:59 check 1/6: {"status": "OFFLINE", "msg": "no active live broadcast on the channel"}
2026-08-31 02:34:11 check 2/6: {"status": "OFFLINE", "msg": "no active live broadcast on the channel"}
2026-08-31 02:34:23 check 3/6: {"status": "OFFLINE", "msg": "no active live broadcast on the channel"}
2026-08-31 02:34:36 check 4/6: {"status": "OFFLINE", "msg": "no active live broadcast on the channel"}
2026-08-31 02:34:49 check 5/6: {"status": "OFFLINE", "msg": "no active live broadcast on the channel"}
2026-08-31 02:35:02 check 6/6: {"status": "OFFLINE", "msg": "no active live broadcast on the channel"}
2026-08-31 02:35:02 ACTION: restarting the streamer (sustained bad output on YouTube)
2026-08-31 02:36:16 check 1/6: {"status": "OFFLINE", "msg": "no active live broadcast on the channel"}
2026-08-31 02:36:30 check 2/6: {"status": "OFFLINE", "msg": "no active live broadcast on the channel"}
2026-08-31 02:36:44 check 3/6: {"status": "OFFLINE", "msg": "no active live broadcast on the channel"}
2026-08-31 02:36:58 check 4/6: {"status": "OFFLINE", "msg": "no active live broadcast on the channel"}
2026-08-31 02:37:12 check 5/6: {"status": "OFFLINE", "msg": "no active live broadcast on the channel"}
2026-08-31 02:37:27 check 6/6: {"status": "OFFLINE", "msg": "no active live broadcast on the channel"}
2026-08-31 02:37:27 ACTION: restarting the streamer (sustained bad output on YouTube)
2026-08-31 02:38:43 check 1/6: {"status": "OFFLINE", "msg": "no active live broadcast on the channel"}
2026-08-31 02:38:57 check 2/6: {"status": "OFFLINE", "msg": "no active live broadcast on the channel"}
2026-08-31 02:39:12 check 3/6: {"status": "OFFLINE", "msg": "no active live broadcast on the channel"}
2026-08-31 02:39:27 check 4/6: {"status": "OFFLINE", "msg": "no active live broadcast on the channel"}
2026-08-31 02:39:43 check 5/6: {"status": "OFFLINE", "msg": "no active live broadcast on the channel"}
2026-08-31 02:39:58 check 6/6: {"status": "OFFLINE", "msg": "no active live broadcast on the channel"}
2026-08-31 02:39:58 ACTION: restarting the streamer (sustained bad output on YouTube)
2026-08-31 02:41:14 check 1/6: {"status": "OFFLINE", "msg": "no active live broadcast on the channel"}
2026-08-31 02:41:30 check 2/6: {"status": "OFFLINE", "msg": "no active live broadcast on the channel"}
2026-08-31 02:41:46 check 3/6: {"status": "OFFLINE", "msg": "no active live broadcast on the channel"}
2026-08-31 02:42:02 check 4/6: {"status": "OFFLINE", "msg": "no active live broadcast on the channel"}
2026-08-31 02:42:18 check 5/6: {"status": "OFFLINE", "msg": "no active live broadcast on the channel"}
2026-08-31 02:42:35 check 6/6: {"status": "OFFLINE", "msg": "no active live broadcast on the channel"}
2026-08-31 02:42:35 ACTION: restarting the streamer (sustained bad output on YouTube)
2026-08-31 02:43:52 check 1/6: {"status": "OFFLINE", "msg": "no active live broadcast on the channel"}
2026-08-31 02:44:08 check 2/6: {"status": "OFFLINE", "msg": "no active live broadcast on the channel"}
2026-08-31 02:44:26 check 3/6: {"status": "OFFLINE", "msg": "no active live broadcast on the channel"}
2026-08-31 02:44:43 check 4/6: {"status": "OFFLINE", "msg": "no active live broadcast on the channel"}
2026-08-31 02:45:00 check 5/6: {"status": "OFFLINE", "msg": "no active live broadcast on the channel"}
2026-08-31 02:45:17 check 6/6: {"status": "OFFLINE", "msg": "no active live broadcast on the channel"}
2026-08-31 02:45:17 ACTION: restarting the streamer (sustained bad output on YouTube)
2026-08-31 02:46:34 check 1/6: {"status": "OFFLINE", "msg": "no active live broadcast on the channel"}
2026-08-31 02:46:51 check 2/6: {"status": "OFFLINE", "msg": "no active live broadcast on the channel"}
2026-08-31 02:47:08 check 3/6: {"status": "OFFLINE", "msg": "no active live broadcast on the channel"}
2026-08-31 02:47:25 check 4/6: {"status": "OFFLINE", "msg": "no active live broadcast on the channel"}
2026-08-31 02:47:42 check 5/6: {"status": "OFFLINE", "msg": "no active live broadcast on the channel"}
2026-08-31 02:47:59 check 6/6: {"status": "OFFLINE", "msg": "no active live broadcast on the channel"}
2026-08-31 02:47:59 ACTION: restarting the streamer (sustained bad output on YouTube)
2026-08-31 02:49:17 check 1/6: {"status": "OFFLINE", "msg": "no active live broadcast on the channel"}
2026-08-31 02:49:34 check 2/6: {"status": "OFFLINE", "msg": "no active live broadcast on the channel"}
2026-08-31 02:49:51 check 3/6: {"status": "OFFLINE", "msg": "no active live broadcast on the channel"}
2026-08-31 02:50:08 check 4/6: {"status": "OFFLINE", "msg": "no active live broadcast on the channel"}
2026-08-31 02:50:26 check 5/6: {"status": "OFFLINE", "msg": "no active live broadcast on the channel"}
2026-08-31 02:50:43 check 6/6: {"status": "OFFLINE", "msg": "no active live broadcast on the channel"}
2026-08-31 02:50:43 ACTION: restarting the streamer (sustained bad output on YouTube)
2026-08-31 02:52:01 check 1/6: {"status": "OFFLINE", "msg": "no active live broadcast on the channel"}
2026-08-31 02:52:18 check 2/6: {"status": "OFFLINE", "msg": "no active live broadcast on the channel"}
2026-08-31 02:52:35 check 3/6: {"status": "OFFLINE", "msg": "no active live broadcast on the channel"}
2026-08-31 02:52:52 check 4/6: {"status": "OFFLINE", "msg": "no active live broadcast on the channel"}
2026-08-31 02:53:09 check 5/6: {"status": "OFFLINE", "msg": "no active live broadcast on the channel"}
2026-08-31 02:53:26 check 6/6: {"status": "OFFLINE", "msg": "no active live broadcast on the channel"}
2026-08-31 02:53:26 ACTION: restarting the streamer (sustained bad output on YouTube)
2026-08-31 02:54:44 check 1/6: {"status": "OFFLINE", "msg": "no active live broadcast on the channel"}
2026-08-31 02:55:01 check 2/6: {"status": "OFFLINE", "msg": "no active live broadcast on the channel"}
2026-08-31 02:55:18 check 3/6: {"status": "OFFLINE", "msg": "no active live broadcast on the channel"}
2026-08-31 02:55:35 check 4/6: {"status": "OFFLINE", "msg": "no active live broadcast on the channel"}
2026-08-31 02:55:52 check 5/6: {"status": "OFFLINE", "msg": "no active live broadcast on the channel"}
2026-08-31 02:56:09 check 6/6: {"status": "OFFLINE", "msg": "no active live broadcast on the channel"}
2026-08-31 02:56:09 ACTION: restarting the streamer (sustained bad output on YouTube)
2026-08-31 02:57:27 check 1/6: {"status": "OFFLINE", "msg": "no active live broadcast on the channel"}
2026-08-31 02:57:44 check 2/6: {"status": "OFFLINE", "msg": "no active live broadcast on the channel"}
2026-08-31 02:58:00 check 3/6: {"status": "OFFLINE", "msg": "no active live broadcast on the channel"}
2026-08-31 02:58:17 check 4/6: {"status": "OFFLINE", "msg": "no active live broadcast on the channel"}
2026-08-31 02:58:34 check 5/6: {"status": "OFFLINE", "msg": "no active live broadcast on the channel"}
2026-08-31 02:58:51 check 6/6: {"status": "OFFLINE", "msg": "no active live broadcast on the channel"}
2026-08-31 02:58:51 ACTION: restarting the streamer (sustained bad output on YouTube)
2026-08-31 03:00:08 check 1/6: {"status": "OFFLINE", "msg": "no active live broadcast on the channel"}
2026-08-31 03:00:25 check 2/6: {"status": "OFFLINE", "msg": "no active live broadcast on the channel"}
2026-08-31 03:00:42 check 3/6: {"status": "OFFLINE", "msg": "no active live broadcast on the channel"}
2026-08-31 03:00:59 check 4/6: {"status": "OFFLINE", "msg": "no active live broadcast on the channel"}
2026-08-31 03:01:16 check 5/6: {"status": "OFFLINE", "msg": "no active live broadcast on the channel"}
2026-08-31 03:01:33 check 6/6: {"status": "OFFLINE", "msg": "no active live broadcast on the channel"}
2026-08-31 03:01:33 ACTION: restarting the streamer (sustained bad output on YouTube)
2026-08-31 03:02:50 check 1/6: {"status": "OFFLINE", "msg": "no active live broadcast on the channel"}
2026-08-31 03:03:07 check 2/6: {"status": "OFFLINE", "msg": "no active live broadcast on the channel"}
2026-08-31 03:03:24 check 3/6: {"status": "OFFLINE", "msg": "no active live broadcast on the channel"}
2026-08-31 03:03:42 check 4/6: {"status": "OFFLINE", "msg": "no active live broadcast on the channel"}
2026-08-31 03:03:59 check 5/6: {"status": "OFFLINE", "msg": "no active live broadcast on the channel"}
2026-08-31 03:04:17 check 6/6: {"status": "OFFLINE", "msg": "no active live broadcast on the channel"}
2026-08-31 03:04:17 ACTION: restarting the streamer (sustained bad output on YouTube)
2026-08-31 03:08:46 monitor start: @ternaklaundrybengkong every 10s, act after 6 bad checks (restart)
2026-08-31 10:16:38 check 1/6: {"status": "FROZEN", "vid": "ezDHkohbBDg", "corr": 0.742, "luma": 127.4, "frozen": true, "msg": "identical to previous pull - picture is stuck"}
2026-08-31 10:17:02 recovered after 1 bad checks: {"status": "OK", "vid": "ezDHkohbBDg", "corr": 0.81, "luma": 125.8, "frozen": false, "msg": ""}
2026-08-31 11:22:39 check 1/6: {"status": "OFFLINE", "msg": "no active live broadcast on the channel"}
2026-08-31 11:22:53 check 2/6: {"status": "OFFLINE", "msg": "no active live broadcast on the channel"}
2026-08-31 11:23:07 check 3/6: {"status": "OFFLINE", "msg": "no active live broadcast on the channel"}
2026-08-31 11:23:20 check 4/6: {"status": "OFFLINE", "msg": "no active live broadcast on the channel"}
2026-08-31 11:23:33 check 5/6: {"status": "OFFLINE", "msg": "no active live broadcast on the channel"}
2026-08-31 11:23:45 check 6/6: {"status": "OFFLINE", "msg": "no active live broadcast on the channel"}
2026-08-31 11:23:45 ACTION: restarting the streamer (sustained bad output on YouTube)
2026-08-31 11:24:56 check 1/6: {"status": "OFFLINE", "msg": "no active live broadcast on the channel"}
2026-08-31 11:25:08 check 2/6: {"status": "OFFLINE", "msg": "no active live broadcast on the channel"}
2026-08-31 11:25:19 check 3/6: {"status": "OFFLINE", "msg": "no active live broadcast on the channel"}
2026-08-31 11:25:30 check 4/6: {"status": "OFFLINE", "msg": "no active live broadcast on the channel"}
2026-08-31 11:25:41 check 5/6: {"status": "OFFLINE", "msg": "no active live broadcast on the channel"}
2026-08-31 11:25:53 check 6/6: {"status": "OFFLINE", "msg": "no active live broadcast on the channel"}
2026-08-31 11:25:53 ACTION: restarting the streamer (sustained bad output on YouTube)
2026-08-31 11:27:04 check 1/6: {"status": "OFFLINE", "msg": "no active live broadcast on the channel"}
2026-08-31 11:27:16 check 2/6: {"status": "OFFLINE", "msg": "no active live broadcast on the channel"}
2026-08-31 11:27:27 check 3/6: {"status": "OFFLINE", "msg": "no active live broadcast on the channel"}
2026-08-31 11:27:38 check 4/6: {"status": "OFFLINE", "msg": "no active live broadcast on the channel"}
2026-08-31 11:27:49 check 5/6: {"status": "OFFLINE", "msg": "no active live broadcast on the channel"}
2026-08-31 11:28:01 check 6/6: {"status": "OFFLINE", "msg": "no active live broadcast on the channel"}
2026-08-31 11:28:01 ACTION: restarting the streamer (sustained bad output on YouTube)
2026-08-31 11:29:12 check 1/6: {"status": "OFFLINE", "msg": "no active live broadcast on the channel"}
2026-08-31 11:29:23 check 2/6: {"status": "OFFLINE", "msg": "no active live broadcast on the channel"}
2026-08-31 11:29:35 check 3/6: {"status": "OFFLINE", "msg": "no active live broadcast on the channel"}
2026-08-31 11:29:46 check 4/6: {"status": "OFFLINE", "msg": "no active live broadcast on the channel"}
2026-08-31 11:29:57 check 5/6: {"status": "OFFLINE", "msg": "no active live broadcast on the channel"}
2026-08-31 11:30:09 check 6/6: {"status": "OFFLINE", "msg": "no active live broadcast on the channel"}
2026-08-31 11:30:09 ACTION: restarting the streamer (sustained bad output on YouTube)
2026-08-31 11:31:20 check 1/6: {"status": "OFFLINE", "msg": "no active live broadcast on the channel"}
2026-08-31 11:31:31 check 2/6: {"status": "OFFLINE", "msg": "no active live broadcast on the channel"}
2026-08-31 11:31:43 check 3/6: {"status": "OFFLINE", "msg": "no active live broadcast on the channel"}
2026-08-31 11:31:54 check 4/6: {"status": "OFFLINE", "msg": "no active live broadcast on the channel"}
2026-08-31 11:32:05 check 5/6: {"status": "OFFLINE", "msg": "no active live broadcast on the channel"}
2026-08-31 11:32:16 check 6/6: {"status": "OFFLINE", "msg": "no active live broadcast on the channel"}
2026-08-31 11:32:16 ACTION: restarting the streamer (sustained bad output on YouTube)
2026-08-31 11:33:28 check 1/6: {"status": "OFFLINE", "msg": "no active live broadcast on the channel"}
2026-08-31 11:33:39 check 2/6: {"status": "OFFLINE", "msg": "no active live broadcast on the channel"}
2026-08-31 11:33:51 check 3/6: {"status": "OFFLINE", "msg": "no active live broadcast on the channel"}
2026-08-31 11:34:03 check 4/6: {"status": "OFFLINE", "msg": "no active live broadcast on the channel"}
2026-08-31 11:34:14 check 5/6: {"status": "OFFLINE", "msg": "no active live broadcast on the channel"}
2026-08-31 11:34:25 check 6/6: {"status": "OFFLINE", "msg": "no active live broadcast on the channel"}
2026-08-31 11:34:25 ACTION: restarting the streamer (sustained bad output on YouTube)
2026-08-31 11:35:37 check 1/6: {"status": "OFFLINE", "msg": "no active live broadcast on the channel"}
2026-08-31 11:35:48 check 2/6: {"status": "OFFLINE", "msg": "no active live broadcast on the channel"}
2026-08-31 11:36:00 check 3/6: {"status": "OFFLINE", "msg": "no active live broadcast on the channel"}
2026-08-31 11:36:11 check 4/6: {"status": "OFFLINE", "msg": "no active live broadcast on the channel"}
2026-08-31 11:36:22 check 5/6: {"status": "OFFLINE", "msg": "no active live broadcast on the channel"}
2026-08-31 11:36:34 check 6/6: {"status": "OFFLINE", "msg": "no active live broadcast on the channel"}
2026-08-31 11:36:34 ACTION: restarting the streamer (sustained bad output on YouTube)
2026-08-31 11:37:45 check 1/6: {"status": "OFFLINE", "msg": "no active live broadcast on the channel"}
2026-08-31 11:37:56 check 2/6: {"status": "OFFLINE", "msg": "no active live broadcast on the channel"}
2026-08-31 11:38:08 check 3/6: {"status": "OFFLINE", "msg": "no active live broadcast on the channel"}
2026-08-31 11:38:19 check 4/6: {"status": "OFFLINE", "msg": "no active live broadcast on the channel"}
2026-08-31 11:38:30 check 5/6: {"status": "OFFLINE", "msg": "no active live broadcast on the channel"}
2026-08-31 11:38:42 check 6/6: {"status": "OFFLINE", "msg": "no active live broadcast on the channel"}
2026-08-31 11:38:42 ACTION: restarting the streamer (sustained bad output on YouTube)
2026-08-31 11:39:53 check 1/6: {"status": "OFFLINE", "msg": "no active live broadcast on the channel"}
2026-08-31 11:40:04 check 2/6: {"status": "OFFLINE", "msg": "no active live broadcast on the channel"}
2026-08-31 11:40:16 check 3/6: {"status": "OFFLINE", "msg": "no active live broadcast on the channel"}
2026-08-31 11:40:27 check 4/6: {"status": "OFFLINE", "msg": "no active live broadcast on the channel"}
2026-08-31 11:40:38 check 5/6: {"status": "OFFLINE", "msg": "no active live broadcast on the channel"}
2026-08-31 11:40:50 check 6/6: {"status": "OFFLINE", "msg": "no active live broadcast on the channel"}
2026-08-31 11:40:50 ACTION: restarting the streamer (sustained bad output on YouTube)
2026-08-31 11:42:01 check 1/6: {"status": "OFFLINE", "msg": "no active live broadcast on the channel"}
2026-08-31 11:42:12 check 2/6: {"status": "OFFLINE", "msg": "no active live broadcast on the channel"}
2026-08-31 11:42:24 check 3/6: {"status": "OFFLINE", "msg": "no active live broadcast on the channel"}
2026-08-31 11:42:35 check 4/6: {"status": "OFFLINE", "msg": "no active live broadcast on the channel"}
2026-08-31 11:42:46 check 5/6: {"status": "OFFLINE", "msg": "no active live broadcast on the channel"}
2026-08-31 11:42:58 check 6/6: {"status": "OFFLINE", "msg": "no active live broadcast on the channel"}
2026-08-31 11:42:58 ACTION: restarting the streamer (sustained bad output on YouTube)
2026-08-31 11:44:09 check 1/6: {"status": "OFFLINE", "msg": "no active live broadcast on the channel"}
2026-08-31 11:44:20 check 2/6: {"status": "OFFLINE", "msg": "no active live broadcast on the channel"}
2026-08-31 11:44:32 check 3/6: {"status": "OFFLINE", "msg": "no active live broadcast on the channel"}
2026-08-31 11:44:43 check 4/6: {"status": "OFFLINE", "msg": "no active live broadcast on the channel"}
2026-08-31 11:44:54 check 5/6: {"status": "OFFLINE", "msg": "no active live broadcast on the channel"}
2026-08-31 11:45:06 check 6/6: {"status": "OFFLINE", "msg": "no active live broadcast on the channel"}
2026-08-31 11:45:06 ACTION: restarting the streamer (sustained bad output on YouTube)
2026-08-31 11:46:17 check 1/6: {"status": "OFFLINE", "msg": "no active live broadcast on the channel"}
2026-08-31 11:46:28 check 2/6: {"status": "OFFLINE", "msg": "no active live broadcast on the channel"}
2026-08-31 11:46:39 check 3/6: {"status": "OFFLINE", "msg": "no active live broadcast on the channel"}
2026-08-31 11:46:51 check 4/6: {"status": "OFFLINE", "msg": "no active live broadcast on the channel"}
2026-08-31 11:47:02 check 5/6: {"status": "OFFLINE", "msg": "no active live broadcast on the channel"}
2026-08-31 11:47:13 check 6/6: {"status": "OFFLINE", "msg": "no active live broadcast on the channel"}
2026-08-31 11:47:13 ACTION: restarting the streamer (sustained bad output on YouTube)
2026-08-31 11:48:25 check 1/6: {"status": "OFFLINE", "msg": "no active live broadcast on the channel"}
2026-08-31 11:48:36 check 2/6: {"status": "OFFLINE", "msg": "no active live broadcast on the channel"}
2026-08-31 11:48:47 check 3/6: {"status": "OFFLINE", "msg": "no active live broadcast on the channel"}
2026-08-31 11:48:59 check 4/6: {"status": "OFFLINE", "msg": "no active live broadcast on the channel"}
2026-08-31 11:49:10 check 5/6: {"status": "OFFLINE", "msg": "no active live broadcast on the channel"}
2026-08-31 11:49:21 check 6/6: {"status": "OFFLINE", "msg": "no active live broadcast on the channel"}
2026-08-31 11:49:21 ACTION: restarting the streamer (sustained bad output on YouTube)
2026-08-31 11:50:33 check 1/6: {"status": "OFFLINE", "msg": "no active live broadcast on the channel"}
2026-08-31 11:50:44 check 2/6: {"status": "OFFLINE", "msg": "no active live broadcast on the channel"}
2026-08-31 11:50:55 check 3/6: {"status": "OFFLINE", "msg": "no active live broadcast on the channel"}
2026-08-31 11:51:07 check 4/6: {"status": "OFFLINE", "msg": "no active live broadcast on the channel"}
2026-08-31 11:51:18 check 5/6: {"status": "OFFLINE", "msg": "no active live broadcast on the channel"}
2026-08-31 11:51:29 check 6/6: {"status": "OFFLINE", "msg": "no active live broadcast on the channel"}
2026-08-31 11:51:29 ACTION: restarting the streamer (sustained bad output on YouTube)
2026-08-31 11:52:41 check 1/6: {"status": "OFFLINE", "msg": "no active live broadcast on the channel"}
2026-08-31 11:52:52 check 2/6: {"status": "OFFLINE", "msg": "no active live broadcast on the channel"}
2026-08-31 11:53:03 check 3/6: {"status": "OFFLINE", "msg": "no active live broadcast on the channel"}
2026-08-31 11:53:15 check 4/6: {"status": "OFFLINE", "msg": "no active live broadcast on the channel"}
2026-08-31 11:53:26 check 5/6: {"status": "OFFLINE", "msg": "no active live broadcast on the channel"}
2026-08-31 11:53:37 check 6/6: {"status": "OFFLINE", "msg": "no active live broadcast on the channel"}
2026-08-31 11:53:37 ACTION: restarting the streamer (sustained bad output on YouTube)
2026-08-31 11:54:49 check 1/6: {"status": "OFFLINE", "msg": "no active live broadcast on the channel"}
2026-08-31 11:55:00 check 2/6: {"status": "OFFLINE", "msg": "no active live broadcast on the channel"}
2026-08-31 11:55:11 check 3/6: {"status": "OFFLINE", "msg": "no active live broadcast on the channel"}
2026-08-31 11:55:23 check 4/6: {"status": "OFFLINE", "msg": "no active live broadcast on the channel"}
2026-08-31 11:55:34 check 5/6: {"status": "OFFLINE", "msg": "no active live broadcast on the channel"}
2026-08-31 11:55:45 check 6/6: {"status": "OFFLINE", "msg": "no active live broadcast on the channel"}
2026-08-31 11:55:45 ACTION: restarting the streamer (sustained bad output on YouTube)
2026-08-31 11:56:57 check 1/6: {"status": "OFFLINE", "msg": "no active live broadcast on the channel"}
2026-08-31 11:57:08 check 2/6: {"status": "OFFLINE", "msg": "no active live broadcast on the channel"}
2026-08-31 11:57:19 check 3/6: {"status": "OFFLINE", "msg": "no active live broadcast on the channel"}
2026-08-31 11:57:31 check 4/6: {"status": "OFFLINE", "msg": "no active live broadcast on the channel"}
2026-08-31 11:57:42 check 5/6: {"status": "OFFLINE", "msg": "no active live broadcast on the channel"}
2026-08-31 11:57:53 check 6/6: {"status": "OFFLINE", "msg": "no active live broadcast on the channel"}
2026-08-31 11:57:53 ACTION: restarting the streamer (sustained bad output on YouTube)
2026-08-31 11:59:05 check 1/6: {"status": "OFFLINE", "msg": "no active live broadcast on the channel"}
2026-08-31 11:59:16 check 2/6: {"status": "OFFLINE", "msg": "no active live broadcast on the channel"}
2026-08-31 11:59:27 check 3/6: {"status": "OFFLINE", "msg": "no active live broadcast on the channel"}
2026-08-31 11:59:39 check 4/6: {"status": "OFFLINE", "msg": "no active live broadcast on the channel"}
2026-08-31 11:59:50 check 5/6: {"status": "OFFLINE", "msg": "no active live broadcast on the channel"}
2026-08-31 12:00:04 check 6/6: {"status": "OFFLINE", "msg": "no active live broadcast on the channel"}
2026-08-31 12:00:04 ACTION: restarting the streamer (sustained bad output on YouTube)
2026-08-31 12:01:16 check 1/6: {"status": "OFFLINE", "msg": "no active live broadcast on the channel"}
2026-08-31 12:01:27 check 2/6: {"status": "OFFLINE", "msg": "no active live broadcast on the channel"}
2026-08-31 12:01:39 check 3/6: {"status": "OFFLINE", "msg": "no active live broadcast on the channel"}
2026-08-31 12:01:50 check 4/6: {"status": "OFFLINE", "msg": "no active live broadcast on the channel"}
2026-08-31 12:02:01 check 5/6: {"status": "OFFLINE", "msg": "no active live broadcast on the channel"}
2026-08-31 12:02:14 check 6/6: {"status": "OFFLINE", "msg": "no active live broadcast on the channel"}
2026-08-31 12:02:14 ACTION: restarting the streamer (sustained bad output on YouTube)
2026-08-31 12:03:27 check 1/6: {"status": "OFFLINE", "msg": "no active live broadcast on the channel"}
2026-08-31 12:03:38 check 2/6: {"status": "OFFLINE", "msg": "no active live broadcast on the channel"}
2026-08-31 12:03:50 check 3/6: {"status": "OFFLINE", "msg": "no active live broadcast on the channel"}
2026-08-31 12:04:01 check 4/6: {"status": "OFFLINE", "msg": "no active live broadcast on the channel"}
2026-08-31 12:04:13 check 5/6: {"status": "OFFLINE", "msg": "no active live broadcast on the channel"}
2026-08-31 12:04:24 check 6/6: {"status": "OFFLINE", "msg": "no active live broadcast on the channel"}
2026-08-31 12:04:24 ACTION: restarting the streamer (sustained bad output on YouTube)
2026-08-31 12:05:36 check 1/6: {"status": "OFFLINE", "msg": "no active live broadcast on the channel"}
2026-08-31 12:05:48 check 2/6: {"status": "OFFLINE", "msg": "no active live broadcast on the channel"}
2026-08-31 12:05:59 check 3/6: {"status": "OFFLINE", "msg": "no active live broadcast on the channel"}
2026-08-31 12:06:11 check 4/6: {"status": "OFFLINE", "msg": "no active live broadcast on the channel"}
2026-08-31 12:06:22 check 5/6: {"status": "OFFLINE", "msg": "no active live broadcast on the channel"}
2026-08-31 12:06:34 check 6/6: {"status": "OFFLINE", "msg": "no active live broadcast on the channel"}
2026-08-31 12:06:34 ACTION: restarting the streamer (sustained bad output on YouTube)
2026-08-31 12:07:46 check 1/6: {"status": "OFFLINE", "msg": "no active live broadcast on the channel"}
2026-08-31 12:07:57 check 2/6: {"status": "OFFLINE", "msg": "no active live broadcast on the channel"}
2026-08-31 12:08:09 check 3/6: {"status": "OFFLINE", "msg": "no active live broadcast on the channel"}
2026-08-31 12:08:20 check 4/6: {"status": "OFFLINE", "msg": "no active live broadcast on the channel"}
2026-08-31 12:08:32 check 5/6: {"status": "OFFLINE", "msg": "no active live broadcast on the channel"}
2026-08-31 12:08:43 check 6/6: {"status": "OFFLINE", "msg": "no active live broadcast on the channel"}
2026-08-31 12:08:43 ACTION: restarting the streamer (sustained bad output on YouTube)
2026-08-31 12:09:55 check 1/6: {"status": "OFFLINE", "msg": "no active live broadcast on the channel"}
2026-08-31 12:10:06 check 2/6: {"status": "OFFLINE", "msg": "no active live broadcast on the channel"}
2026-08-31 12:10:18 check 3/6: {"status": "OFFLINE", "msg": "no active live broadcast on the channel"}
2026-08-31 12:10:30 check 4/6: {"status": "OFFLINE", "msg": "no active live broadcast on the channel"}
2026-08-31 12:10:41 check 5/6: {"status": "OFFLINE", "msg": "no active live broadcast on the channel"}
2026-08-31 12:10:53 check 6/6: {"status": "OFFLINE", "msg": "no active live broadcast on the channel"}
2026-08-31 12:10:53 ACTION: restarting the streamer (sustained bad output on YouTube)
2026-08-31 12:12:05 check 1/6: {"status": "OFFLINE", "msg": "no active live broadcast on the channel"}
2026-08-31 12:12:17 check 2/6: {"status": "OFFLINE", "msg": "no active live broadcast on the channel"}
2026-08-31 12:12:28 check 3/6: {"status": "OFFLINE", "msg": "no active live broadcast on the channel"}
2026-08-31 12:12:40 check 4/6: {"status": "OFFLINE", "msg": "no active live broadcast on the channel"}
2026-08-31 12:12:52 check 5/6: {"status": "OFFLINE", "msg": "no active live broadcast on the channel"}
2026-08-31 12:13:03 check 6/6: {"status": "OFFLINE", "msg": "no active live broadcast on the channel"}
2026-08-31 12:13:03 ACTION: restarting the streamer (sustained bad output on YouTube)
2026-08-31 12:14:15 check 1/6: {"status": "OFFLINE", "msg": "no active live broadcast on the channel"}
2026-08-31 12:14:26 check 2/6: {"status": "OFFLINE", "msg": "no active live broadcast on the channel"}
2026-08-31 12:14:38 check 3/6: {"status": "OFFLINE", "msg": "no active live broadcast on the channel"}
2026-08-31 12:14:49 check 4/6: {"status": "OFFLINE", "msg": "no active live broadcast on the channel"}
2026-08-31 12:15:01 check 5/6: {"status": "OFFLINE", "msg": "no active live broadcast on the channel"}
2026-08-31 12:15:13 check 6/6: {"status": "OFFLINE", "msg": "no active live broadcast on the channel"}
2026-08-31 12:15:13 ACTION: restarting the streamer (sustained bad output on YouTube)
2026-08-31 12:16:24 check 1/6: {"status": "OFFLINE", "msg": "no active live broadcast on the channel"}
2026-08-31 12:16:36 check 2/6: {"status": "OFFLINE", "msg": "no active live broadcast on the channel"}
2026-08-31 12:16:47 check 3/6: {"status": "OFFLINE", "msg": "no active live broadcast on the channel"}
2026-08-31 12:16:59 check 4/6: {"status": "OFFLINE", "msg": "no active live broadcast on the channel"}
2026-08-31 12:17:11 check 5/6: {"status": "OFFLINE", "msg": "no active live broadcast on the channel"}
2026-08-31 12:17:22 check 6/6: {"status": "OFFLINE", "msg": "no active live broadcast on the channel"}
2026-08-31 12:17:22 ACTION: restarting the streamer (sustained bad output on YouTube)
2026-08-31 12:18:34 check 1/6: {"status": "OFFLINE", "msg": "no active live broadcast on the channel"}
2026-08-31 12:18:45 check 2/6: {"status": "OFFLINE", "msg": "no active live broadcast on the channel"}
2026-08-31 12:18:57 check 3/6: {"status": "OFFLINE", "msg": "no active live broadcast on the channel"}
2026-08-31 12:19:08 check 4/6: {"status": "OFFLINE", "msg": "no active live broadcast on the channel"}
2026-08-31 12:19:20 check 5/6: {"status": "OFFLINE", "msg": "no active live broadcast on the channel"}
2026-08-31 12:19:32 check 6/6: {"status": "OFFLINE", "msg": "no active live broadcast on the channel"}
2026-08-31 12:19:32 ACTION: restarting the streamer (sustained bad output on YouTube)
2026-08-31 12:20:43 check 1/6: {"status": "OFFLINE", "msg": "no active live broadcast on the channel"}
2026-08-31 12:20:55 check 2/6: {"status": "OFFLINE", "msg": "no active live broadcast on the channel"}
2026-08-31 12:21:06 check 3/6: {"status": "OFFLINE", "msg": "no active live broadcast on the channel"}
2026-08-31 12:21:18 check 4/6: {"status": "OFFLINE", "msg": "no active live broadcast on the channel"}
2026-08-31 12:21:30 check 5/6: {"status": "OFFLINE", "msg": "no active live broadcast on the channel"}
2026-08-31 12:21:41 check 6/6: {"status": "OFFLINE", "msg": "no active live broadcast on the channel"}
2026-08-31 12:21:41 ACTION: restarting the streamer (sustained bad output on YouTube)
2026-08-31 12:22:53 check 1/6: {"status": "OFFLINE", "msg": "no active live broadcast on the channel"}
2026-08-31 12:23:04 check 2/6: {"status": "OFFLINE", "msg": "no active live broadcast on the channel"}
2026-08-31 12:23:16 check 3/6: {"status": "OFFLINE", "msg": "no active live broadcast on the channel"}
2026-08-31 12:23:27 check 4/6: {"status": "OFFLINE", "msg": "no active live broadcast on the channel"}
2026-08-31 12:23:39 check 5/6: {"status": "OFFLINE", "msg": "no active live broadcast on the channel"}
2026-08-31 12:23:51 check 6/6: {"status": "OFFLINE", "msg": "no active live broadcast on the channel"}
2026-08-31 12:23:51 ACTION: restarting the streamer (sustained bad output on YouTube)
2026-08-31 12:25:02 check 1/6: {"status": "OFFLINE", "msg": "no active live broadcast on the channel"}
2026-08-31 12:25:14 check 2/6: {"status": "OFFLINE", "msg": "no active live broadcast on the channel"}
2026-08-31 12:25:25 check 3/6: {"status": "OFFLINE", "msg": "no active live broadcast on the channel"}
2026-08-31 12:25:37 check 4/6: {"status": "OFFLINE", "msg": "no active live broadcast on the channel"}
2026-08-31 12:25:49 check 5/6: {"status": "OFFLINE", "msg": "no active live broadcast on the channel"}
2026-08-31 12:26:00 check 6/6: {"status": "OFFLINE", "msg": "no active live broadcast on the channel"}
2026-08-31 12:26:00 ACTION: restarting the streamer (sustained bad output on YouTube)
2026-08-31 12:27:12 check 1/6: {"status": "OFFLINE", "msg": "no active live broadcast on the channel"}
2026-08-31 12:27:24 check 2/6: {"status": "OFFLINE", "msg": "no active live broadcast on the channel"}
2026-08-31 12:27:35 check 3/6: {"status": "OFFLINE", "msg": "no active live broadcast on the channel"}
2026-08-31 12:27:47 check 4/6: {"status": "OFFLINE", "msg": "no active live broadcast on the channel"}
2026-08-31 12:27:58 check 5/6: {"status": "OFFLINE", "msg": "no active live broadcast on the channel"}
2026-08-31 12:28:11 check 6/6: {"status": "OFFLINE", "msg": "no active live broadcast on the channel"}
2026-08-31 12:28:11 ACTION: restarting the streamer (sustained bad output on YouTube)
2026-08-31 12:29:23 check 1/6: {"status": "OFFLINE", "msg": "no active live broadcast on the channel"}
2026-08-31 12:29:34 check 2/6: {"status": "OFFLINE", "msg": "no active live broadcast on the channel"}
2026-08-31 12:29:46 check 3/6: {"status": "OFFLINE", "msg": "no active live broadcast on the channel"}
2026-08-31 12:29:57 check 4/6: {"status": "OFFLINE", "msg": "no active live broadcast on the channel"}
2026-08-31 12:30:09 check 5/6: {"status": "OFFLINE", "msg": "no active live broadcast on the channel"}
2026-08-31 12:30:20 check 6/6: {"status": "OFFLINE", "msg": "no active live broadcast on the channel"}
2026-08-31 12:30:20 ACTION: restarting the streamer (sustained bad output on YouTube)
2026-08-31 12:31:33 check 1/6: {"status": "OFFLINE", "msg": "no active live broadcast on the channel"}
2026-08-31 12:31:44 check 2/6: {"status": "OFFLINE", "msg": "no active live broadcast on the channel"}
2026-08-31 12:31:56 check 3/6: {"status": "OFFLINE", "msg": "no active live broadcast on the channel"}
2026-08-31 12:32:07 check 4/6: {"status": "OFFLINE", "msg": "no active live broadcast on the channel"}
2026-08-31 12:32:19 check 5/6: {"status": "OFFLINE", "msg": "no active live broadcast on the channel"}
2026-08-31 12:32:30 check 6/6: {"status": "OFFLINE", "msg": "no active live broadcast on the channel"}
2026-08-31 12:32:30 ACTION: restarting the streamer (sustained bad output on YouTube)
2026-08-31 12:33:42 check 1/6: {"status": "OFFLINE", "msg": "no active live broadcast on the channel"}
2026-08-31 12:33:54 check 2/6: {"status": "OFFLINE", "msg": "no active live broadcast on the channel"}
2026-08-31 12:34:05 check 3/6: {"status": "OFFLINE", "msg": "no active live broadcast on the channel"}
2026-08-31 12:34:17 check 4/6: {"status": "OFFLINE", "msg": "no active live broadcast on the channel"}
2026-08-31 12:34:28 check 5/6: {"status": "OFFLINE", "msg": "no active live broadcast on the channel"}
2026-08-31 12:34:40 check 6/6: {"status": "OFFLINE", "msg": "no active live broadcast on the channel"}
2026-08-31 12:34:40 ACTION: restarting the streamer (sustained bad output on YouTube)
2026-08-31 12:35:52 check 1/6: {"status": "OFFLINE", "msg": "no active live broadcast on the channel"}
2026-08-31 12:36:03 check 2/6: {"status": "OFFLINE", "msg": "no active live broadcast on the channel"}
2026-08-31 12:36:15 check 3/6: {"status": "OFFLINE", "msg": "no active live broadcast on the channel"}
2026-08-31 12:36:26 check 4/6: {"status": "OFFLINE", "msg": "no active live broadcast on the channel"}
2026-08-31 12:36:38 check 5/6: {"status": "OFFLINE", "msg": "no active live broadcast on the channel"}
2026-08-31 12:36:50 check 6/6: {"status": "OFFLINE", "msg": "no active live broadcast on the channel"}
2026-08-31 12:36:50 ACTION: restarting the streamer (sustained bad output on YouTube)
2026-08-31 12:38:01 check 1/6: {"status": "OFFLINE", "msg": "no active live broadcast on the channel"}
2026-08-31 12:38:13 check 2/6: {"status": "OFFLINE", "msg": "no active live broadcast on the channel"}
2026-08-31 12:38:24 check 3/6: {"status": "OFFLINE", "msg": "no active live broadcast on the channel"}
2026-08-31 12:38:36 check 4/6: {"status": "OFFLINE", "msg": "no active live broadcast on the channel"}
2026-08-31 12:38:48 check 5/6: {"status": "OFFLINE", "msg": "no active live broadcast on the channel"}
2026-08-31 12:38:59 check 6/6: {"status": "OFFLINE", "msg": "no active live broadcast on the channel"}
2026-08-31 12:38:59 ACTION: restarting the streamer (sustained bad output on YouTube)
2026-08-31 12:40:11 check 1/6: {"status": "OFFLINE", "msg": "no active live broadcast on the channel"}
2026-08-31 12:40:22 check 2/6: {"status": "OFFLINE", "msg": "no active live broadcast on the channel"}
2026-08-31 12:40:34 check 3/6: {"status": "OFFLINE", "msg": "no active live broadcast on the channel"}
2026-08-31 12:40:46 check 4/6: {"status": "OFFLINE", "msg": "no active live broadcast on the channel"}
2026-08-31 12:40:57 check 5/6: {"status": "OFFLINE", "msg": "no active live broadcast on the channel"}
2026-08-31 12:41:09 check 6/6: {"status": "OFFLINE", "msg": "no active live broadcast on the channel"}
2026-08-31 12:41:09 ACTION: restarting the streamer (sustained bad output on YouTube)
2026-08-31 12:42:21 check 1/6: {"status": "OFFLINE", "msg": "no active live broadcast on the channel"}
2026-08-31 12:42:32 check 2/6: {"status": "OFFLINE", "msg": "no active live broadcast on the channel"}
2026-08-31 12:42:44 check 3/6: {"status": "OFFLINE", "msg": "no active live broadcast on the channel"}
2026-08-31 12:42:55 check 4/6: {"status": "OFFLINE", "msg": "no active live broadcast on the channel"}
2026-08-31 12:43:07 check 5/6: {"status": "OFFLINE", "msg": "no active live broadcast on the channel"}
2026-08-31 12:43:19 check 6/6: {"status": "OFFLINE", "msg": "no active live broadcast on the channel"}
2026-08-31 12:43:19 ACTION: restarting the streamer (sustained bad output on YouTube)
2026-08-31 12:44:30 check 1/6: {"status": "OFFLINE", "msg": "no active live broadcast on the channel"}
2026-08-31 12:44:42 check 2/6: {"status": "OFFLINE", "msg": "no active live broadcast on the channel"}
2026-08-31 12:44:54 check 3/6: {"status": "OFFLINE", "msg": "no active live broadcast on the channel"}
2026-08-31 12:45:05 check 4/6: {"status": "OFFLINE", "msg": "no active live broadcast on the channel"}
2026-08-31 12:45:17 check 5/6: {"status": "OFFLINE", "msg": "no active live broadcast on the channel"}
2026-08-31 12:45:28 check 6/6: {"status": "OFFLINE", "msg": "no active live broadcast on the channel"}
2026-08-31 12:45:28 ACTION: restarting the streamer (sustained bad output on YouTube)
2026-08-31 12:46:40 check 1/6: {"status": "OFFLINE", "msg": "no active live broadcast on the channel"}
2026-08-31 12:46:52 check 2/6: {"status": "OFFLINE", "msg": "no active live broadcast on the channel"}
2026-08-31 12:47:03 check 3/6: {"status": "OFFLINE", "msg": "no active live broadcast on the channel"}
2026-08-31 12:47:15 check 4/6: {"status": "OFFLINE", "msg": "no active live broadcast on the channel"}
2026-08-31 12:47:26 check 5/6: {"status": "OFFLINE", "msg": "no active live broadcast on the channel"}
2026-08-31 12:47:38 check 6/6: {"status": "OFFLINE", "msg": "no active live broadcast on the channel"}
2026-08-31 12:47:38 ACTION: restarting the streamer (sustained bad output on YouTube)
2026-08-31 12:48:50 check 1/6: {"status": "OFFLINE", "msg": "no active live broadcast on the channel"}
2026-08-31 12:49:01 check 2/6: {"status": "OFFLINE", "msg": "no active live broadcast on the channel"}
2026-08-31 12:49:13 check 3/6: {"status": "OFFLINE", "msg": "no active live broadcast on the channel"}
2026-08-31 12:49:24 check 4/6: {"status": "OFFLINE", "msg": "no active live broadcast on the channel"}
2026-08-31 12:49:36 check 5/6: {"status": "OFFLINE", "msg": "no active live broadcast on the channel"}
2026-08-31 12:49:47 check 6/6: {"status": "OFFLINE", "msg": "no active live broadcast on the channel"}
2026-08-31 12:49:47 ACTION: restarting the streamer (sustained bad output on YouTube)
2026-08-31 12:50:59 check 1/6: {"status": "OFFLINE", "msg": "no active live broadcast on the channel"}
2026-08-31 12:51:10 check 2/6: {"status": "OFFLINE", "msg": "no active live broadcast on the channel"}
2026-08-31 12:51:22 check 3/6: {"status": "OFFLINE", "msg": "no active live broadcast on the channel"}
2026-08-31 12:51:34 check 4/6: {"status": "OFFLINE", "msg": "no active live broadcast on the channel"}
2026-08-31 12:51:45 check 5/6: {"status": "OFFLINE", "msg": "no active live broadcast on the channel"}
2026-08-31 12:51:57 check 6/6: {"status": "OFFLINE", "msg": "no active live broadcast on the channel"}
2026-08-31 12:51:57 ACTION: restarting the streamer (sustained bad output on YouTube)
2026-08-31 12:53:08 check 1/6: {"status": "OFFLINE", "msg": "no active live broadcast on the channel"}
2026-08-31 12:53:20 check 2/6: {"status": "OFFLINE", "msg": "no active live broadcast on the channel"}
2026-08-31 12:53:32 check 3/6: {"status": "OFFLINE", "msg": "no active live broadcast on the channel"}
2026-08-31 12:53:43 check 4/6: {"status": "OFFLINE", "msg": "no active live broadcast on the channel"}
2026-08-31 12:53:55 check 5/6: {"status": "OFFLINE", "msg": "no active live broadcast on the channel"}
2026-08-31 12:54:06 check 6/6: {"status": "OFFLINE", "msg": "no active live broadcast on the channel"}
2026-08-31 12:54:06 ACTION: restarting the streamer (sustained bad output on YouTube)
2026-08-31 12:55:18 check 1/6: {"status": "OFFLINE", "msg": "no active live broadcast on the channel"}
2026-08-31 12:55:30 check 2/6: {"status": "OFFLINE", "msg": "no active live broadcast on the channel"}
2026-08-31 12:55:41 check 3/6: {"status": "OFFLINE", "msg": "no active live broadcast on the channel"}
2026-08-31 12:55:53 check 4/6: {"status": "OFFLINE", "msg": "no active live broadcast on the channel"}
2026-08-31 12:56:04 check 5/6: {"status": "OFFLINE", "msg": "no active live broadcast on the channel"}
2026-08-31 12:56:16 check 6/6: {"status": "OFFLINE", "msg": "no active live broadcast on the channel"}
2026-08-31 12:56:16 ACTION: restarting the streamer (sustained bad output on YouTube)
2026-08-31 12:57:28 check 1/6: {"status": "OFFLINE", "msg": "no active live broadcast on the channel"}
2026-08-31 12:57:39 check 2/6: {"status": "OFFLINE", "msg": "no active live broadcast on the channel"}
2026-08-31 12:57:51 check 3/6: {"status": "OFFLINE", "msg": "no active live broadcast on the channel"}
2026-08-31 12:58:02 check 4/6: {"status": "OFFLINE", "msg": "no active live broadcast on the channel"}
2026-08-31 12:58:14 check 5/6: {"status": "OFFLINE", "msg": "no active live broadcast on the channel"}
2026-08-31 12:58:25 check 6/6: {"status": "OFFLINE", "msg": "no active live broadcast on the channel"}
2026-08-31 12:58:25 ACTION: restarting the streamer (sustained bad output on YouTube)
2026-08-31 12:59:37 check 1/6: {"status": "OFFLINE", "msg": "no active live broadcast on the channel"}
2026-08-31 12:59:49 check 2/6: {"status": "OFFLINE", "msg": "no active live broadcast on the channel"}
2026-08-31 13:00:00 check 3/6: {"status": "OFFLINE", "msg": "no active live broadcast on the channel"}
2026-08-31 13:00:12 check 4/6: {"status": "OFFLINE", "msg": "no active live broadcast on the channel"}
2026-08-31 13:00:23 check 5/6: {"status": "OFFLINE", "msg": "no active live broadcast on the channel"}
2026-08-31 13:00:35 check 6/6: {"status": "OFFLINE", "msg": "no active live broadcast on the channel"}
2026-08-31 13:00:35 ACTION: restarting the streamer (sustained bad output on YouTube)
2026-08-31 13:01:47 check 1/6: {"status": "OFFLINE", "msg": "no active live broadcast on the channel"}
2026-08-31 13:01:58 check 2/6: {"status": "OFFLINE", "msg": "no active live broadcast on the channel"}
2026-08-31 13:02:10 check 3/6: {"status": "OFFLINE", "msg": "no active live broadcast on the channel"}
2026-08-31 13:02:21 check 4/6: {"status": "OFFLINE", "msg": "no active live broadcast on the channel"}
2026-08-31 13:02:34 check 5/6: {"status": "OFFLINE", "msg": "no active live broadcast on the channel"}
2026-08-31 13:02:45 check 6/6: {"status": "OFFLINE", "msg": "no active live broadcast on the channel"}
2026-08-31 13:02:45 ACTION: restarting the streamer (sustained bad output on YouTube)
2026-08-31 13:03:57 check 1/6: {"status": "OFFLINE", "msg": "no active live broadcast on the channel"}
2026-08-31 13:04:09 check 2/6: {"status": "OFFLINE", "msg": "no active live broadcast on the channel"}
2026-08-31 13:04:20 check 3/6: {"status": "OFFLINE", "msg": "no active live broadcast on the channel"}
2026-08-31 13:04:32 check 4/6: {"status": "OFFLINE", "msg": "no active live broadcast on the channel"}
2026-08-31 13:04:43 check 5/6: {"status": "OFFLINE", "msg": "no active live broadcast on the channel"}
2026-08-31 13:04:55 check 6/6: {"status": "OFFLINE", "msg": "no active live broadcast on the channel"}
2026-08-31 13:04:55 ACTION: restarting the streamer (sustained bad output on YouTube)
2026-08-31 13:06:06 check 1/6: {"status": "OFFLINE", "msg": "no active live broadcast on the channel"}
2026-08-31 13:06:18 check 2/6: {"status": "OFFLINE", "msg": "no active live broadcast on the channel"}
2026-08-31 13:06:30 check 3/6: {"status": "OFFLINE", "msg": "no active live broadcast on the channel"}
2026-08-31 13:06:41 check 4/6: {"status": "OFFLINE", "msg": "no active live broadcast on the channel"}
2026-08-31 13:06:53 check 5/6: {"status": "OFFLINE", "msg": "no active live broadcast on the channel"}
2026-08-31 13:07:04 check 6/6: {"status": "OFFLINE", "msg": "no active live broadcast on the channel"}
2026-08-31 13:07:04 ACTION: restarting the streamer (sustained bad output on YouTube)
2026-08-31 13:08:16 check 1/6: {"status": "OFFLINE", "msg": "no active live broadcast on the channel"}
2026-08-31 13:08:28 check 2/6: {"status": "OFFLINE", "msg": "no active live broadcast on the channel"}
2026-08-31 13:08:39 check 3/6: {"status": "OFFLINE", "msg": "no active live broadcast on the channel"}
2026-08-31 13:08:51 check 4/6: {"status": "OFFLINE", "msg": "no active live broadcast on the channel"}
2026-08-31 13:09:02 check 5/6: {"status": "OFFLINE", "msg": "no active live broadcast on the channel"}
2026-08-31 13:09:14 check 6/6: {"status": "OFFLINE", "msg": "no active live broadcast on the channel"}
2026-08-31 13:09:14 ACTION: restarting the streamer (sustained bad output on YouTube)
2026-08-31 13:10:25 check 1/6: {"status": "OFFLINE", "msg": "no active live broadcast on the channel"}
2026-08-31 13:10:37 check 2/6: {"status": "OFFLINE", "msg": "no active live broadcast on the channel"}
2026-08-31 13:10:49 check 3/6: {"status": "OFFLINE", "msg": "no active live broadcast on the channel"}
2026-08-31 13:11:00 check 4/6: {"status": "OFFLINE", "msg": "no active live broadcast on the channel"}
2026-08-31 13:11:13 check 5/6: {"status": "OFFLINE", "msg": "no active live broadcast on the channel"}
2026-08-31 13:11:25 check 6/6: {"status": "OFFLINE", "msg": "no active live broadcast on the channel"}
2026-08-31 13:11:25 ACTION: restarting the streamer (sustained bad output on YouTube)
2026-08-31 13:12:37 check 1/6: {"status": "OFFLINE", "msg": "no active live broadcast on the channel"}
2026-08-31 13:12:48 check 2/6: {"status": "OFFLINE", "msg": "no active live broadcast on the channel"}
2026-08-31 13:13:00 check 3/6: {"status": "OFFLINE", "msg": "no active live broadcast on the channel"}
2026-08-31 13:13:14 check 4/6: {"status": "OFFLINE", "msg": "no active live broadcast on the channel"}
2026-08-31 13:13:34 recovered after 4 bad checks: {"status": "OK", "vid": "iKnYsSgXqDM", "corr": 0.812, "luma": 129.5, "frozen": false, "msg": ""}
2026-08-31 15:39:29 check 1/6: {"status": "MISMATCH", "vid": "iKnYsSgXqDM", "corr": 0.576, "luma": 130.3, "frozen": false, "msg": "correlation 0.576 < 0.6"}
2026-08-31 15:39:53 recovered after 1 bad checks: {"status": "OK", "vid": "iKnYsSgXqDM", "corr": 0.669, "luma": 135.4, "frozen": false, "msg": ""}
2026-08-31 16:19:25 check 1/6: {"status": "MISMATCH", "vid": "iKnYsSgXqDM", "corr": 0.599, "luma": 129.5, "frozen": false, "msg": "correlation 0.599 < 0.6"}
2026-08-31 16:19:50 recovered after 1 bad checks: {"status": "OK", "vid": "iKnYsSgXqDM", "corr": 0.672, "luma": 130.4, "frozen": false, "msg": ""}
2026-08-31 16:21:04 check 1/6: {"status": "MISMATCH", "vid": "iKnYsSgXqDM", "corr": 0.591, "luma": 128.1, "frozen": false, "msg": "correlation 0.591 < 0.6"}
2026-08-31 16:21:28 recovered after 1 bad checks: {"status": "OK", "vid": "iKnYsSgXqDM", "corr": 0.628, "luma": 131.0, "frozen": false, "msg": ""}
2026-09-01 09:50:32 check 1/6: {"status": "MISMATCH", "vid": "iKnYsSgXqDM", "corr": 0.57, "luma": 125.3, "frozen": false, "msg": "correlation 0.570 < 0.6"}
2026-09-01 09:50:58 recovered after 1 bad checks: {"status": "OK", "vid": "iKnYsSgXqDM", "corr": 0.703, "luma": 128.7, "frozen": false, "msg": ""}
2026-09-01 09:52:16 check 1/6: {"status": "MISMATCH", "vid": "iKnYsSgXqDM", "corr": 0.599, "luma": 129.2, "frozen": false, "msg": "correlation 0.599 < 0.6"}
2026-09-01 09:52:43 recovered after 1 bad checks: {"status": "OK", "vid": "iKnYsSgXqDM", "corr": 0.653, "luma": 126.7, "frozen": false, "msg": ""}
2026-09-01 10:47:10 check 1/6: {"status": "MISMATCH", "vid": "iKnYsSgXqDM", "corr": 0.596, "luma": 125.3, "frozen": false, "msg": "correlation 0.596 < 0.6"}
2026-09-01 10:47:37 recovered after 1 bad checks: {"status": "OK", "vid": "iKnYsSgXqDM", "corr": 0.72, "luma": 129.7, "frozen": false, "msg": ""}
2026-09-01 14:09:08 check 1/6: {"status": "MISMATCH", "vid": "iKnYsSgXqDM", "corr": 0.063, "luma": 130.3, "frozen": false, "msg": "correlation 0.063 < 0.6"}
2026-09-01 14:09:32 recovered after 1 bad checks: {"status": "OK", "vid": "iKnYsSgXqDM", "corr": 0.742, "luma": 125.3, "frozen": false, "msg": ""}
2026-09-01 14:45:25 check 1/6: {"status": "MISMATCH", "vid": "iKnYsSgXqDM", "corr": 0.584, "luma": 130.0, "frozen": false, "msg": "correlation 0.584 < 0.6"}
2026-09-01 14:45:52 recovered after 1 bad checks: {"status": "OK", "vid": "iKnYsSgXqDM", "corr": 0.783, "luma": 131.9, "frozen": false, "msg": ""}
2026-09-01 15:03:20 check 1/6: {"status": "MISMATCH", "vid": "iKnYsSgXqDM", "corr": 0.596, "luma": 132.7, "frozen": false, "msg": "correlation 0.596 < 0.6"}
2026-09-01 15:03:47 recovered after 1 bad checks: {"status": "OK", "vid": "iKnYsSgXqDM", "corr": 0.664, "luma": 131.2, "frozen": false, "msg": ""}
2026-09-01 15:36:32 check 1/6: {"status": "FROZEN", "vid": "iKnYsSgXqDM", "corr": 0.699, "luma": 130.4, "frozen": true, "msg": "identical to previous pull - picture is stuck"}
2026-09-01 15:36:56 recovered after 1 bad checks: {"status": "OK", "vid": "iKnYsSgXqDM", "corr": 0.703, "luma": 130.3, "frozen": false, "msg": ""}
2026-09-01 16:25:17 check 1/6: {"status": "MISMATCH", "vid": "iKnYsSgXqDM", "corr": 0.598, "luma": 130.0, "frozen": false, "msg": "correlation 0.598 < 0.6"}
2026-09-01 16:25:41 recovered after 1 bad checks: {"status": "OK", "vid": "iKnYsSgXqDM", "corr": 0.67, "luma": 133.0, "frozen": false, "msg": ""}
2026-09-01 16:34:34 check 1/6: {"status": "MISMATCH", "vid": "iKnYsSgXqDM", "corr": 0.588, "luma": 130.9, "frozen": false, "msg": "correlation 0.588 < 0.6"}
2026-09-01 16:34:58 recovered after 1 bad checks: {"status": "OK", "vid": "iKnYsSgXqDM", "corr": 0.664, "luma": 135.6, "frozen": false, "msg": ""}
2026-09-01 16:36:17 check 1/6: {"status": "MISMATCH", "vid": "iKnYsSgXqDM", "corr": 0.597, "luma": 127.4, "frozen": false, "msg": "correlation 0.597 < 0.6"}
2026-09-01 16:36:42 recovered after 1 bad checks: {"status": "OK", "vid": "iKnYsSgXqDM", "corr": 0.692, "luma": 131.1, "frozen": false, "msg": ""}
2026-09-01 16:39:05 check 1/6: {"status": "MISMATCH", "vid": "iKnYsSgXqDM", "corr": 0.563, "luma": 128.6, "frozen": false, "msg": "correlation 0.563 < 0.6"}
2026-09-01 16:39:28 recovered after 1 bad checks: {"status": "OK", "vid": "iKnYsSgXqDM", "corr": 0.641, "luma": 128.4, "frozen": false, "msg": ""}
2026-09-01 16:39:53 check 1/6: {"status": "MISMATCH", "vid": "iKnYsSgXqDM", "corr": 0.598, "luma": 129.7, "frozen": false, "msg": "correlation 0.598 < 0.6"}
2026-09-01 16:40:18 recovered after 1 bad checks: {"status": "OK", "vid": "iKnYsSgXqDM", "corr": 0.601, "luma": 129.9, "frozen": false, "msg": ""}
2026-09-01 17:05:39 check 1/6: {"status": "MISMATCH", "vid": "iKnYsSgXqDM", "corr": 0.051, "luma": 137.6, "frozen": false, "msg": "correlation 0.051 < 0.6"}
2026-09-01 17:06:05 recovered after 1 bad checks: {"status": "OK", "vid": "iKnYsSgXqDM", "corr": 0.747, "luma": 129.0, "frozen": false, "msg": ""}
2026-09-01 17:56:38 check 1/6: {"status": "FETCHFAIL", "msg": "timeout"}
2026-09-01 17:58:32 check 2/6: {"status": "FETCHFAIL", "msg": "timeout"}
2026-09-01 17:59:23 recovered after 2 bad checks: {"status": "OK", "vid": "iKnYsSgXqDM", "corr": 0.807, "luma": 134.4, "frozen": false, "msg": ""}
2026-09-01 18:01:51 check 1/6: {"status": "FETCHFAIL", "msg": "timeout"}
2026-09-01 18:03:41 check 2/6: {"status": "FETCHFAIL", "msg": "timeout"}
2026-09-01 18:05:39 check 3/6: {"status": "FETCHFAIL", "msg": "timeout"}
2026-09-01 18:07:29 check 4/6: {"status": "FETCHFAIL", "msg": "timeout"}
2026-09-01 18:09:20 check 5/6: {"status": "FETCHFAIL", "msg": "timeout"}
2026-09-01 18:09:51 recovered after 5 bad checks: {"status": "OK", "vid": "iKnYsSgXqDM", "corr": 0.793, "luma": 133.8, "frozen": false, "msg": ""}
2026-09-01 18:12:51 check 1/6: {"status": "FETCHFAIL", "msg": "timeout"}
2026-09-01 18:13:50 check 2/6: {"status": "MISMATCH", "vid": "iKnYsSgXqDM", "corr": 0.064, "luma": 142.2, "frozen": false, "msg": "correlation 0.064 < 0.6"}
2026-09-01 18:15:41 check 3/6: {"status": "FETCHFAIL", "msg": "timeout"}
2026-09-01 18:17:32 check 4/6: {"status": "FETCHFAIL", "msg": "timeout"}
2026-09-01 18:19:24 check 5/6: {"status": "FETCHFAIL", "msg": "timeout"}
2026-09-01 18:21:15 check 6/6: {"status": "FETCHFAIL", "msg": "timeout"}
2026-09-01 18:21:15 ACTION: restarting the streamer (sustained bad output on YouTube)
2026-09-01 18:24:06 check 1/6: {"status": "FETCHFAIL", "msg": "timeout"}
2026-09-01 18:25:56 check 2/6: {"status": "FETCHFAIL", "msg": "timeout"}
2026-09-01 18:27:47 check 3/6: {"status": "FETCHFAIL", "msg": "timeout"}
2026-09-01 18:29:37 check 4/6: {"status": "FETCHFAIL", "msg": "timeout"}
2026-09-01 18:31:29 check 5/6: {"status": "FETCHFAIL", "msg": "timeout"}
2026-09-01 18:33:19 check 6/6: {"status": "FETCHFAIL", "msg": "timeout"}
2026-09-01 18:33:19 ACTION: restarting the streamer (sustained bad output on YouTube)
2026-09-01 18:36:20 check 1/6: {"status": "FETCHFAIL", "msg": "timeout"}
2026-09-01 18:36:51 recovered after 1 bad checks: {"status": "OK", "vid": "iKnYsSgXqDM", "corr": 0.863, "luma": 132.6, "frozen": false, "msg": ""}
2026-09-01 18:49:20 check 1/6: {"status": "FETCHFAIL", "msg": "timeout"}
2026-09-01 18:49:48 recovered after 1 bad checks: {"status": "OK", "vid": "iKnYsSgXqDM", "corr": 0.837, "luma": 133.3, "frozen": false, "msg": ""}
2026-09-01 18:51:39 check 1/6: {"status": "FETCHFAIL", "msg": "timeout"}
2026-09-01 18:53:30 check 2/6: {"status": "FETCHFAIL", "msg": "timeout"}
2026-09-01 18:54:08 recovered after 2 bad checks: {"status": "OK", "vid": "iKnYsSgXqDM", "corr": 0.792, "luma": 131.7, "frozen": false, "msg": ""}
2026-09-01 19:03:47 check 1/6: {"status": "MISMATCH", "vid": "iKnYsSgXqDM", "corr": 0.521, "luma": 129.6, "frozen": false, "msg": "correlation 0.521 < 0.6"}
2026-09-01 19:04:21 recovered after 1 bad checks: {"status": "OK", "vid": "iKnYsSgXqDM", "corr": 0.825, "luma": 135.4, "frozen": false, "msg": ""}
2026-09-01 19:13:58 check 1/6: {"status": "FETCHFAIL", "msg": "timeout"}
2026-09-01 19:14:57 recovered after 1 bad checks: {"status": "OK", "vid": "iKnYsSgXqDM", "corr": 0.813, "luma": 134.1, "frozen": false, "msg": ""}
2026-09-01 19:16:47 check 1/6: {"status": "FETCHFAIL", "msg": "timeout"}
2026-09-01 19:17:24 recovered after 1 bad checks: {"status": "OK", "vid": "iKnYsSgXqDM", "corr": 0.787, "luma": 133.0, "frozen": false, "msg": ""}
2026-09-01 19:23:47 check 1/6: {"status": "FETCHFAIL", "msg": "timeout"}
2026-09-01 19:24:20 recovered after 1 bad checks: {"status": "OK", "vid": "iKnYsSgXqDM", "corr": 0.801, "luma": 135.0, "frozen": false, "msg": ""}
2026-09-01 19:35:04 check 1/6: {"status": "FETCHFAIL", "msg": "timeout"}
2026-09-01 19:35:39 recovered after 1 bad checks: {"status": "OK", "vid": "iKnYsSgXqDM", "corr": 0.792, "luma": 132.2, "frozen": false, "msg": ""}
2026-09-01 19:46:13 check 1/6: {"status": "FETCHFAIL", "msg": "timeout"}
2026-09-01 19:48:04 check 2/6: {"status": "FETCHFAIL", "msg": "timeout"}
2026-09-01 19:48:40 recovered after 2 bad checks: {"status": "OK", "vid": "iKnYsSgXqDM", "corr": 0.777, "luma": 132.1, "frozen": false, "msg": ""}
2026-09-01 19:50:31 check 1/6: {"status": "FETCHFAIL", "msg": "timeout"}
2026-09-01 19:50:57 recovered after 1 bad checks: {"status": "OK", "vid": "iKnYsSgXqDM", "corr": 0.783, "luma": 133.2, "frozen": false, "msg": ""}
2026-09-01 19:55:10 check 1/6: {"status": "FETCHFAIL", "msg": "timeout"}
2026-09-01 19:57:01 check 2/6: {"status": "FETCHFAIL", "msg": "timeout"}
2026-09-01 19:58:51 check 3/6: {"status": "FETCHFAIL", "msg": "timeout"}
2026-09-01 20:00:44 check 4/6: {"status": "FETCHFAIL", "msg": "timeout"}
2026-09-01 20:02:05 recovered after 4 bad checks: {"status": "OK", "vid": "iKnYsSgXqDM", "corr": 0.664, "luma": 128.1, "frozen": false, "msg": ""}
2026-09-01 20:09:36 check 1/6: {"status": "FETCHFAIL", "msg": "timeout"}
2026-09-01 20:10:27 recovered after 1 bad checks: {"status": "OK", "vid": "iKnYsSgXqDM", "corr": 0.788, "luma": 132.6, "frozen": false, "msg": ""}
2026-09-01 20:16:40 check 1/6: {"status": "FETCHFAIL", "msg": "timeout"}
2026-09-01 20:17:13 recovered after 1 bad checks: {"status": "OK", "vid": "iKnYsSgXqDM", "corr": 0.799, "luma": 132.1, "frozen": false, "msg": ""}
2026-09-01 20:20:16 check 1/6: {"status": "FETCHFAIL", "msg": "timeout"}
2026-09-01 20:20:47 recovered after 1 bad checks: {"status": "OK", "vid": "iKnYsSgXqDM", "corr": 0.785, "luma": 132.0, "frozen": false, "msg": ""}
2026-09-01 20:24:10 check 1/6: {"status": "FETCHFAIL", "msg": "timeout"}
2026-09-01 20:24:41 recovered after 1 bad checks: {"status": "OK", "vid": "iKnYsSgXqDM", "corr": 0.784, "luma": 132.0, "frozen": false, "msg": ""}
2026-09-01 21:13:59 check 1/6: {"status": "MISMATCH", "vid": "iKnYsSgXqDM", "corr": 0.589, "luma": 127.0, "frozen": false, "msg": "correlation 0.589 < 0.6"}
2026-09-01 21:14:23 recovered after 1 bad checks: {"status": "OK", "vid": "iKnYsSgXqDM", "corr": 0.675, "luma": 131.4, "frozen": false, "msg": ""}
2026-09-03 08:00:47 check 1/6: {"status": "MISMATCH", "vid": "iKnYsSgXqDM", "corr": 0.586, "luma": 120.7, "frozen": false, "msg": "correlation 0.586 < 0.6"}
2026-09-03 08:01:15 check 2/6: {"status": "MISMATCH", "vid": "iKnYsSgXqDM", "corr": 0.559, "luma": 123.2, "frozen": false, "msg": "correlation 0.559 < 0.6"}
2026-09-03 08:01:55 recovered after 2 bad checks: {"status": "OK", "vid": "iKnYsSgXqDM", "corr": 0.659, "luma": 127.4, "frozen": false, "msg": ""}
2026-09-03 08:04:45 check 1/6: {"status": "MISMATCH", "vid": "iKnYsSgXqDM", "corr": 0.564, "luma": 122.0, "frozen": false, "msg": "correlation 0.564 < 0.6"}
2026-09-03 08:05:11 recovered after 1 bad checks: {"status": "OK", "vid": "iKnYsSgXqDM", "corr": 0.627, "luma": 127.9, "frozen": false, "msg": ""}
2026-09-03 08:42:48 check 1/6: {"status": "MISMATCH", "vid": "iKnYsSgXqDM", "corr": 0.545, "luma": 125.4, "frozen": false, "msg": "correlation 0.545 < 0.6"}
2026-09-03 08:43:13 recovered after 1 bad checks: {"status": "OK", "vid": "iKnYsSgXqDM", "corr": 0.615, "luma": 131.2, "frozen": false, "msg": ""}
2026-09-03 08:44:04 check 1/6: {"status": "MISMATCH", "vid": "iKnYsSgXqDM", "corr": 0.592, "luma": 128.0, "frozen": false, "msg": "correlation 0.592 < 0.6"}
2026-09-03 08:44:29 check 2/6: {"status": "MISMATCH", "vid": "iKnYsSgXqDM", "corr": 0.577, "luma": 126.9, "frozen": false, "msg": "correlation 0.577 < 0.6"}
2026-09-03 08:44:54 recovered after 2 bad checks: {"status": "OK", "vid": "iKnYsSgXqDM", "corr": 0.609, "luma": 127.4, "frozen": false, "msg": ""}
2026-09-03 08:45:44 check 1/6: {"status": "MISMATCH", "vid": "iKnYsSgXqDM", "corr": 0.6, "luma": 127.9, "frozen": false, "msg": "correlation 0.600 < 0.6"}
2026-09-03 08:46:11 check 2/6: {"status": "MISMATCH", "vid": "iKnYsSgXqDM", "corr": 0.584, "luma": 127.2, "frozen": false, "msg": "correlation 0.584 < 0.6"}
2026-09-03 08:46:39 recovered after 2 bad checks: {"status": "OK", "vid": "iKnYsSgXqDM", "corr": 0.617, "luma": 130.2, "frozen": false, "msg": ""}
2026-09-03 08:58:51 check 1/6: {"status": "MISMATCH", "vid": "iKnYsSgXqDM", "corr": 0.587, "luma": 125.1, "frozen": false, "msg": "correlation 0.587 < 0.6"}
2026-09-03 08:59:15 recovered after 1 bad checks: {"status": "OK", "vid": "iKnYsSgXqDM", "corr": 0.737, "luma": 126.1, "frozen": false, "msg": ""}
2026-09-03 09:08:38 check 1/6: {"status": "MISMATCH", "vid": "iKnYsSgXqDM", "corr": 0.555, "luma": 123.2, "frozen": false, "msg": "correlation 0.555 < 0.6"}
2026-09-03 09:09:02 check 2/6: {"status": "MISMATCH", "vid": "iKnYsSgXqDM", "corr": 0.584, "luma": 122.8, "frozen": false, "msg": "correlation 0.584 < 0.6"}
2026-09-03 09:09:25 check 3/6: {"status": "MISMATCH", "vid": "iKnYsSgXqDM", "corr": 0.578, "luma": 125.8, "frozen": false, "msg": "correlation 0.578 < 0.6"}
2026-09-03 09:09:49 check 4/6: {"status": "MISMATCH", "vid": "iKnYsSgXqDM", "corr": 0.557, "luma": 123.0, "frozen": false, "msg": "correlation 0.557 < 0.6"}
2026-09-03 09:10:12 recovered after 4 bad checks: {"status": "OK", "vid": "iKnYsSgXqDM", "corr": 0.632, "luma": 126.1, "frozen": false, "msg": ""}
2026-09-03 09:10:37 check 1/6: {"status": "MISMATCH", "vid": "iKnYsSgXqDM", "corr": 0.574, "luma": 124.9, "frozen": false, "msg": "correlation 0.574 < 0.6"}
2026-09-03 09:11:00 check 2/6: {"status": "MISMATCH", "vid": "iKnYsSgXqDM", "corr": 0.568, "luma": 126.7, "frozen": false, "msg": "correlation 0.568 < 0.6"}
2026-09-03 09:11:24 recovered after 2 bad checks: {"status": "OK", "vid": "iKnYsSgXqDM", "corr": 0.656, "luma": 127.1, "frozen": false, "msg": ""}
2026-09-03 09:12:09 check 1/6: {"status": "MISMATCH", "vid": "iKnYsSgXqDM", "corr": 0.582, "luma": 128.4, "frozen": false, "msg": "correlation 0.582 < 0.6"}
2026-09-03 09:12:33 recovered after 1 bad checks: {"status": "OK", "vid": "iKnYsSgXqDM", "corr": 0.63, "luma": 127.7, "frozen": false, "msg": ""}
2026-09-03 09:16:51 check 1/6: {"status": "MISMATCH", "vid": "iKnYsSgXqDM", "corr": 0.576, "luma": 129.8, "frozen": false, "msg": "correlation 0.576 < 0.6"}
2026-09-03 09:17:14 check 2/6: {"status": "MISMATCH", "vid": "iKnYsSgXqDM", "corr": 0.554, "luma": 130.8, "frozen": false, "msg": "correlation 0.554 < 0.6"}
2026-09-03 09:17:38 check 3/6: {"status": "MISMATCH", "vid": "iKnYsSgXqDM", "corr": 0.566, "luma": 130.8, "frozen": false, "msg": "correlation 0.566 < 0.6"}
2026-09-03 09:18:01 check 4/6: {"status": "MISMATCH", "vid": "iKnYsSgXqDM", "corr": 0.554, "luma": 131.0, "frozen": false, "msg": "correlation 0.554 < 0.6"}
2026-09-03 09:18:25 recovered after 4 bad checks: {"status": "OK", "vid": "iKnYsSgXqDM", "corr": 0.661, "luma": 128.1, "frozen": false, "msg": ""}
2026-09-03 09:20:21 check 1/6: {"status": "MISMATCH", "vid": "iKnYsSgXqDM", "corr": 0.563, "luma": 128.6, "frozen": false, "msg": "correlation 0.563 < 0.6"}
2026-09-03 09:20:44 recovered after 1 bad checks: {"status": "OK", "vid": "iKnYsSgXqDM", "corr": 0.603, "luma": 131.8, "frozen": false, "msg": ""}
2026-09-03 09:21:31 check 1/6: {"status": "MISMATCH", "vid": "iKnYsSgXqDM", "corr": 0.592, "luma": 130.8, "frozen": false, "msg": "correlation 0.592 < 0.6"}
2026-09-03 09:21:54 check 2/6: {"status": "MISMATCH", "vid": "iKnYsSgXqDM", "corr": 0.59, "luma": 130.4, "frozen": false, "msg": "correlation 0.590 < 0.6"}
2026-09-03 09:22:18 check 3/6: {"status": "MISMATCH", "vid": "iKnYsSgXqDM", "corr": 0.59, "luma": 129.9, "frozen": false, "msg": "correlation 0.590 < 0.6"}
2026-09-03 09:22:41 check 4/6: {"status": "MISMATCH", "vid": "iKnYsSgXqDM", "corr": 0.578, "luma": 122.1, "frozen": false, "msg": "correlation 0.578 < 0.6"}
2026-09-03 09:23:04 recovered after 4 bad checks: {"status": "OK", "vid": "iKnYsSgXqDM", "corr": 0.655, "luma": 123.7, "frozen": false, "msg": ""}
2026-09-03 09:23:50 check 1/6: {"status": "MISMATCH", "vid": "iKnYsSgXqDM", "corr": 0.559, "luma": 125.4, "frozen": false, "msg": "correlation 0.559 < 0.6"}
2026-09-03 09:24:13 check 2/6: {"status": "MISMATCH", "vid": "iKnYsSgXqDM", "corr": 0.582, "luma": 127.4, "frozen": false, "msg": "correlation 0.582 < 0.6"}
2026-09-03 09:24:35 check 3/6: {"status": "MISMATCH", "vid": "iKnYsSgXqDM", "corr": 0.59, "luma": 123.8, "frozen": false, "msg": "correlation 0.590 < 0.6"}
2026-09-03 09:24:59 check 4/6: {"status": "MISMATCH", "vid": "iKnYsSgXqDM", "corr": 0.551, "luma": 126.8, "frozen": false, "msg": "correlation 0.551 < 0.6"}
2026-09-03 09:25:22 check 5/6: {"status": "MISMATCH", "vid": "iKnYsSgXqDM", "corr": 0.529, "luma": 123.1, "frozen": false, "msg": "correlation 0.529 < 0.6"}
2026-09-03 09:25:44 check 6/6: {"status": "MISMATCH", "vid": "iKnYsSgXqDM", "corr": 0.589, "luma": 126.3, "frozen": false, "msg": "correlation 0.589 < 0.6"}
2026-09-03 09:25:44 ACTION: restarting the streamer (sustained bad output on YouTube)
2026-09-03 09:27:08 check 1/6: {"status": "MISMATCH", "vid": "iKnYsSgXqDM", "corr": 0.597, "luma": 130.1, "frozen": false, "msg": "correlation 0.597 < 0.6"}
2026-09-03 09:27:35 check 2/6: {"status": "MISMATCH", "vid": "iKnYsSgXqDM", "corr": 0.592, "luma": 130.2, "frozen": false, "msg": "correlation 0.592 < 0.6"}
2026-09-03 09:27:58 check 3/6: {"status": "MISMATCH", "vid": "iKnYsSgXqDM", "corr": 0.595, "luma": 130.3, "frozen": false, "msg": "correlation 0.595 < 0.6"}
2026-09-03 09:28:21 recovered after 3 bad checks: {"status": "OK", "vid": "iKnYsSgXqDM", "corr": 0.645, "luma": 126.7, "frozen": false, "msg": ""}
2026-09-03 09:28:45 check 1/6: {"status": "MISMATCH", "vid": "iKnYsSgXqDM", "corr": 0.576, "luma": 129.9, "frozen": false, "msg": "correlation 0.576 < 0.6"}
2026-09-03 09:29:08 check 2/6: {"status": "MISMATCH", "vid": "iKnYsSgXqDM", "corr": 0.578, "luma": 129.7, "frozen": false, "msg": "correlation 0.578 < 0.6"}
2026-09-03 09:29:31 check 3/6: {"status": "MISMATCH", "vid": "iKnYsSgXqDM", "corr": 0.584, "luma": 131.7, "frozen": false, "msg": "correlation 0.584 < 0.6"}
2026-09-03 09:29:53 check 4/6: {"status": "MISMATCH", "vid": "iKnYsSgXqDM", "corr": 0.589, "luma": 131.6, "frozen": false, "msg": "correlation 0.589 < 0.6"}
2026-09-03 09:30:16 check 5/6: {"status": "MISMATCH", "vid": "iKnYsSgXqDM", "corr": 0.586, "luma": 131.7, "frozen": false, "msg": "correlation 0.586 < 0.6"}
2026-09-03 09:30:39 check 6/6: {"status": "MISMATCH", "vid": "iKnYsSgXqDM", "corr": 0.585, "luma": 132.0, "frozen": false, "msg": "correlation 0.585 < 0.6"}
2026-09-03 09:30:39 ACTION: restarting the streamer (sustained bad output on YouTube)
2026-09-03 09:32:03 check 1/6: {"status": "MISMATCH", "vid": "iKnYsSgXqDM", "corr": 0.585, "luma": 130.4, "frozen": false, "msg": "correlation 0.585 < 0.6"}
2026-09-03 09:32:26 check 2/6: {"status": "MISMATCH", "vid": "iKnYsSgXqDM", "corr": 0.592, "luma": 131.1, "frozen": false, "msg": "correlation 0.592 < 0.6"}
2026-09-03 09:32:57 check 3/6: {"status": "MISMATCH", "vid": "iKnYsSgXqDM", "corr": 0.576, "luma": 131.2, "frozen": false, "msg": "correlation 0.576 < 0.6"}
2026-09-03 09:33:20 recovered after 3 bad checks: {"status": "OK", "vid": "iKnYsSgXqDM", "corr": 0.613, "luma": 132.8, "frozen": false, "msg": ""}
2026-09-03 09:45:52 check 1/6: {"status": "MISMATCH", "vid": "iKnYsSgXqDM", "corr": 0.581, "luma": 130.9, "frozen": false, "msg": "correlation 0.581 < 0.6"}
2026-09-03 09:46:15 recovered after 1 bad checks: {"status": "OK", "vid": "iKnYsSgXqDM", "corr": 0.607, "luma": 130.3, "frozen": false, "msg": ""}
2026-09-03 09:46:38 check 1/6: {"status": "MISMATCH", "vid": "iKnYsSgXqDM", "corr": 0.585, "luma": 131.6, "frozen": false, "msg": "correlation 0.585 < 0.6"}
2026-09-03 09:47:02 recovered after 1 bad checks: {"status": "OK", "vid": "iKnYsSgXqDM", "corr": 0.643, "luma": 130.8, "frozen": false, "msg": ""}
2026-09-03 10:29:09 check 1/6: {"status": "MISMATCH", "vid": "iKnYsSgXqDM", "corr": 0.598, "luma": 124.5, "frozen": false, "msg": "correlation 0.598 < 0.6"}
2026-09-03 10:29:33 recovered after 1 bad checks: {"status": "OK", "vid": "iKnYsSgXqDM", "corr": 0.71, "luma": 126.7, "frozen": false, "msg": ""}
2026-09-03 10:39:10 check 1/6: {"status": "MISMATCH", "vid": "iKnYsSgXqDM", "corr": 0.576, "luma": 130.1, "frozen": false, "msg": "correlation 0.576 < 0.6"}
2026-09-03 10:39:33 check 2/6: {"status": "MISMATCH", "vid": "iKnYsSgXqDM", "corr": 0.55, "luma": 126.7, "frozen": false, "msg": "correlation 0.550 < 0.6"}
2026-09-03 10:39:56 check 3/6: {"status": "MISMATCH", "vid": "iKnYsSgXqDM", "corr": 0.58, "luma": 128.0, "frozen": false, "msg": "correlation 0.580 < 0.6"}
2026-09-03 10:40:20 check 4/6: {"status": "MISMATCH", "vid": "iKnYsSgXqDM", "corr": 0.588, "luma": 128.9, "frozen": false, "msg": "correlation 0.588 < 0.6"}
2026-09-03 10:40:44 recovered after 4 bad checks: {"status": "OK", "vid": "iKnYsSgXqDM", "corr": 0.626, "luma": 131.5, "frozen": false, "msg": ""}
2026-09-03 10:45:25 check 1/6: {"status": "MISMATCH", "vid": "iKnYsSgXqDM", "corr": 0.593, "luma": 127.8, "frozen": false, "msg": "correlation 0.593 < 0.6"}
2026-09-03 10:45:49 recovered after 1 bad checks: {"status": "OK", "vid": "iKnYsSgXqDM", "corr": 0.629, "luma": 131.8, "frozen": false, "msg": ""}
2026-09-03 11:36:19 check 1/6: {"status": "MISMATCH", "vid": "iKnYsSgXqDM", "corr": 0.593, "luma": 129.3, "frozen": false, "msg": "correlation 0.593 < 0.6"}
2026-09-03 11:36:45 recovered after 1 bad checks: {"status": "OK", "vid": "iKnYsSgXqDM", "corr": 0.617, "luma": 131.5, "frozen": false, "msg": ""}
2026-09-03 11:39:10 check 1/6: {"status": "MISMATCH", "vid": "iKnYsSgXqDM", "corr": 0.591, "luma": 129.6, "frozen": false, "msg": "correlation 0.591 < 0.6"}
2026-09-03 11:39:35 recovered after 1 bad checks: {"status": "OK", "vid": "iKnYsSgXqDM", "corr": 0.661, "luma": 129.2, "frozen": false, "msg": ""}
2026-09-03 11:41:38 check 1/6: {"status": "MISMATCH", "vid": "iKnYsSgXqDM", "corr": 0.56, "luma": 129.2, "frozen": false, "msg": "correlation 0.560 < 0.6"}
2026-09-03 11:42:04 recovered after 1 bad checks: {"status": "OK", "vid": "iKnYsSgXqDM", "corr": 0.674, "luma": 129.1, "frozen": false, "msg": ""}
2026-09-03 11:43:45 check 1/6: {"status": "MISMATCH", "vid": "iKnYsSgXqDM", "corr": 0.574, "luma": 131.6, "frozen": false, "msg": "correlation 0.574 < 0.6"}
2026-09-03 11:44:18 recovered after 1 bad checks: {"status": "OK", "vid": "iKnYsSgXqDM", "corr": 0.604, "luma": 128.5, "frozen": false, "msg": ""}
2026-09-03 12:48:33 check 1/6: {"status": "MISMATCH", "vid": "iKnYsSgXqDM", "corr": 0.58, "luma": 131.2, "frozen": false, "msg": "correlation 0.580 < 0.6"}
2026-09-03 12:48:57 recovered after 1 bad checks: {"status": "OK", "vid": "iKnYsSgXqDM", "corr": 0.601, "luma": 132.1, "frozen": false, "msg": ""}
2026-09-03 13:35:54 check 1/6: {"status": "FETCHFAIL", "msg": "timeout"}
2026-09-03 13:36:46 recovered after 1 bad checks: {"status": "OK", "vid": "iKnYsSgXqDM", "corr": 0.671, "luma": 135.0, "frozen": false, "msg": ""}
2026-09-03 13:49:48 check 1/6: {"status": "MISMATCH", "vid": "iKnYsSgXqDM", "corr": 0.588, "luma": 131.4, "frozen": false, "msg": "correlation 0.588 < 0.6"}
2026-09-03 13:50:20 recovered after 1 bad checks: {"status": "OK", "vid": "iKnYsSgXqDM", "corr": 0.612, "luma": 131.6, "frozen": false, "msg": ""}
2026-09-03 13:51:15 check 1/6: {"status": "MISMATCH", "vid": "iKnYsSgXqDM", "corr": 0.599, "luma": 129.7, "frozen": false, "msg": "correlation 0.599 < 0.6"}
2026-09-03 13:51:47 recovered after 1 bad checks: {"status": "OK", "vid": "iKnYsSgXqDM", "corr": 0.634, "luma": 130.9, "frozen": false, "msg": ""}
2026-09-03 14:32:37 check 1/6: {"status": "MISMATCH", "vid": "iKnYsSgXqDM", "corr": 0.595, "luma": 128.3, "frozen": false, "msg": "correlation 0.595 < 0.6"}
2026-09-03 14:33:01 recovered after 1 bad checks: {"status": "OK", "vid": "iKnYsSgXqDM", "corr": 0.602, "luma": 128.9, "frozen": false, "msg": ""}
2026-09-03 14:33:26 check 1/6: {"status": "MISMATCH", "vid": "iKnYsSgXqDM", "corr": 0.582, "luma": 127.9, "frozen": false, "msg": "correlation 0.582 < 0.6"}
2026-09-03 14:33:50 recovered after 1 bad checks: {"status": "OK", "vid": "iKnYsSgXqDM", "corr": 0.615, "luma": 128.0, "frozen": false, "msg": ""}
2026-09-03 15:29:35 check 1/6: {"status": "MISMATCH", "vid": "iKnYsSgXqDM", "corr": 0.597, "luma": 131.3, "frozen": false, "msg": "correlation 0.597 < 0.6"}
2026-09-03 15:29:58 recovered after 1 bad checks: {"status": "OK", "vid": "iKnYsSgXqDM", "corr": 0.607, "luma": 131.2, "frozen": false, "msg": ""}
2026-09-03 15:30:45 check 1/6: {"status": "MISMATCH", "vid": "iKnYsSgXqDM", "corr": 0.596, "luma": 131.5, "frozen": false, "msg": "correlation 0.596 < 0.6"}
2026-09-03 15:31:09 recovered after 1 bad checks: {"status": "OK", "vid": "iKnYsSgXqDM", "corr": 0.603, "luma": 131.2, "frozen": false, "msg": ""}
2026-09-03 15:33:08 check 1/6: {"status": "MISMATCH", "vid": "iKnYsSgXqDM", "corr": 0.563, "luma": 127.4, "frozen": false, "msg": "correlation 0.563 < 0.6"}
2026-09-03 15:33:32 check 2/6: {"status": "MISMATCH", "vid": "iKnYsSgXqDM", "corr": 0.569, "luma": 127.6, "frozen": false, "msg": "correlation 0.569 < 0.6"}
2026-09-03 15:33:56 check 3/6: {"status": "MISMATCH", "vid": "iKnYsSgXqDM", "corr": 0.569, "luma": 127.6, "frozen": false, "msg": "correlation 0.569 < 0.6"}
2026-09-03 15:34:21 check 4/6: {"status": "MISMATCH", "vid": "iKnYsSgXqDM", "corr": 0.569, "luma": 127.7, "frozen": false, "msg": "correlation 0.569 < 0.6"}
2026-09-03 15:34:45 check 5/6: {"status": "MISMATCH", "vid": "iKnYsSgXqDM", "corr": 0.563, "luma": 128.2, "frozen": false, "msg": "correlation 0.563 < 0.6"}
2026-09-03 15:35:09 check 6/6: {"status": "MISMATCH", "vid": "iKnYsSgXqDM", "corr": 0.564, "luma": 128.2, "frozen": false, "msg": "correlation 0.564 < 0.6"}
2026-09-03 15:35:09 ACTION: restarting the streamer (sustained bad output on YouTube)
2026-09-03 15:36:34 check 1/6: {"status": "MISMATCH", "vid": "iKnYsSgXqDM", "corr": 0.546, "luma": 125.7, "frozen": false, "msg": "correlation 0.546 < 0.6"}
2026-09-03 15:36:58 check 2/6: {"status": "MISMATCH", "vid": "iKnYsSgXqDM", "corr": 0.525, "luma": 127.6, "frozen": false, "msg": "correlation 0.525 < 0.6"}
2026-09-03 15:37:23 check 3/6: {"status": "MISMATCH", "vid": "iKnYsSgXqDM", "corr": 0.515, "luma": 126.7, "frozen": false, "msg": "correlation 0.515 < 0.6"}
2026-09-03 15:37:55 check 4/6: {"status": "MISMATCH", "vid": "iKnYsSgXqDM", "corr": 0.565, "luma": 130.9, "frozen": false, "msg": "correlation 0.565 < 0.6"}
2026-09-03 15:38:21 check 5/6: {"status": "MISMATCH", "vid": "iKnYsSgXqDM", "corr": 0.547, "luma": 130.0, "frozen": false, "msg": "correlation 0.547 < 0.6"}
2026-09-03 15:38:45 check 6/6: {"status": "MISMATCH", "vid": "iKnYsSgXqDM", "corr": 0.565, "luma": 131.0, "frozen": false, "msg": "correlation 0.565 < 0.6"}
2026-09-03 15:38:45 ACTION: restarting the streamer (sustained bad output on YouTube)
2026-09-03 15:40:09 check 1/6: {"status": "MISMATCH", "vid": "iKnYsSgXqDM", "corr": 0.554, "luma": 130.3, "frozen": false, "msg": "correlation 0.554 < 0.6"}
2026-09-03 15:40:33 check 2/6: {"status": "MISMATCH", "vid": "iKnYsSgXqDM", "corr": 0.556, "luma": 130.2, "frozen": false, "msg": "correlation 0.556 < 0.6"}
2026-09-03 15:40:57 check 3/6: {"status": "MISMATCH", "vid": "iKnYsSgXqDM", "corr": 0.572, "luma": 130.9, "frozen": false, "msg": "correlation 0.572 < 0.6"}
2026-09-03 15:41:21 check 4/6: {"status": "MISMATCH", "vid": "iKnYsSgXqDM", "corr": 0.564, "luma": 129.5, "frozen": false, "msg": "correlation 0.564 < 0.6"}
2026-09-03 15:41:44 check 5/6: {"status": "MISMATCH", "vid": "iKnYsSgXqDM", "corr": 0.573, "luma": 129.6, "frozen": false, "msg": "correlation 0.573 < 0.6"}
2026-09-03 15:42:08 check 6/6: {"status": "MISMATCH", "vid": "iKnYsSgXqDM", "corr": 0.577, "luma": 127.7, "frozen": false, "msg": "correlation 0.577 < 0.6"}
2026-09-03 15:42:08 ACTION: restarting the streamer (sustained bad output on YouTube)
2026-09-03 15:43:33 check 1/6: {"status": "MISMATCH", "vid": "iKnYsSgXqDM", "corr": 0.549, "luma": 129.9, "frozen": false, "msg": "correlation 0.549 < 0.6"}
2026-09-03 15:43:58 check 2/6: {"status": "MISMATCH", "vid": "iKnYsSgXqDM", "corr": 0.558, "luma": 127.5, "frozen": false, "msg": "correlation 0.558 < 0.6"}
2026-09-03 15:44:22 check 3/6: {"status": "MISMATCH", "vid": "iKnYsSgXqDM", "corr": 0.597, "luma": 127.6, "frozen": false, "msg": "correlation 0.597 < 0.6"}
2026-09-03 15:44:50 check 4/6: {"status": "MISMATCH", "vid": "iKnYsSgXqDM", "corr": 0.544, "luma": 125.1, "frozen": false, "msg": "correlation 0.544 < 0.6"}
2026-09-03 15:45:14 check 5/6: {"status": "MISMATCH", "vid": "iKnYsSgXqDM", "corr": 0.538, "luma": 125.7, "frozen": false, "msg": "correlation 0.538 < 0.6"}
2026-09-03 15:45:37 check 6/6: {"status": "MISMATCH", "vid": "iKnYsSgXqDM", "corr": 0.561, "luma": 127.6, "frozen": false, "msg": "correlation 0.561 < 0.6"}
2026-09-03 15:45:37 ACTION: restarting the streamer (sustained bad output on YouTube)
2026-09-03 15:47:02 check 1/6: {"status": "MISMATCH", "vid": "iKnYsSgXqDM", "corr": 0.587, "luma": 128.8, "frozen": false, "msg": "correlation 0.587 < 0.6"}
2026-09-03 15:47:27 recovered after 1 bad checks: {"status": "OK", "vid": "iKnYsSgXqDM", "corr": 0.6, "luma": 129.7, "frozen": false, "msg": ""}
2026-09-03 15:48:15 check 1/6: {"status": "MISMATCH", "vid": "iKnYsSgXqDM", "corr": 0.577, "luma": 128.2, "frozen": false, "msg": "correlation 0.577 < 0.6"}
2026-09-03 15:48:40 check 2/6: {"status": "MISMATCH", "vid": "iKnYsSgXqDM", "corr": 0.572, "luma": 129.3, "frozen": false, "msg": "correlation 0.572 < 0.6"}
2026-09-03 15:49:04 check 3/6: {"status": "MISMATCH", "vid": "iKnYsSgXqDM", "corr": 0.598, "luma": 131.5, "frozen": false, "msg": "correlation 0.598 < 0.6"}
2026-09-03 15:49:29 check 4/6: {"status": "MISMATCH", "vid": "iKnYsSgXqDM", "corr": 0.595, "luma": 131.4, "frozen": false, "msg": "correlation 0.595 < 0.6"}
2026-09-03 15:49:55 recovered after 4 bad checks: {"status": "OK", "vid": "iKnYsSgXqDM", "corr": 0.629, "luma": 134.2, "frozen": false, "msg": ""}
2026-09-03 20:55:05 check 1/6: {"status": "FETCHFAIL", "msg": "timeout"}
2026-09-03 20:55:55 recovered after 1 bad checks: {"status": "OK", "vid": "iKnYsSgXqDM", "corr": 0.743, "luma": 128.8, "frozen": false, "msg": ""}
2026-09-03 21:09:17 check 1/6: {"status": "MISMATCH", "vid": "iKnYsSgXqDM", "corr": 0.588, "luma": 128.5, "frozen": false, "msg": "correlation 0.588 < 0.6"}
2026-09-03 21:09:41 recovered after 1 bad checks: {"status": "OK", "vid": "iKnYsSgXqDM", "corr": 0.63, "luma": 130.1, "frozen": false, "msg": ""}
2026-09-03 21:10:07 check 1/6: {"status": "MISMATCH", "vid": "iKnYsSgXqDM", "corr": 0.553, "luma": 123.3, "frozen": false, "msg": "correlation 0.553 < 0.6"}
2026-09-03 21:10:32 check 2/6: {"status": "MISMATCH", "vid": "iKnYsSgXqDM", "corr": 0.574, "luma": 128.9, "frozen": false, "msg": "correlation 0.574 < 0.6"}
2026-09-03 21:10:56 recovered after 2 bad checks: {"status": "OK", "vid": "iKnYsSgXqDM", "corr": 0.769, "luma": 130.3, "frozen": false, "msg": ""}
2026-09-03 21:31:07 check 1/6: {"status": "MISMATCH", "vid": "iKnYsSgXqDM", "corr": 0.569, "luma": 126.5, "frozen": false, "msg": "correlation 0.569 < 0.6"}
2026-09-03 21:31:32 recovered after 1 bad checks: {"status": "OK", "vid": "iKnYsSgXqDM", "corr": 0.725, "luma": 133.9, "frozen": false, "msg": ""}
2026-09-03 21:41:14 check 1/6: {"status": "MISMATCH", "vid": "iKnYsSgXqDM", "corr": 0.599, "luma": 124.4, "frozen": false, "msg": "correlation 0.599 < 0.6"}
2026-09-03 21:41:39 recovered after 1 bad checks: {"status": "OK", "vid": "iKnYsSgXqDM", "corr": 0.656, "luma": 127.2, "frozen": false, "msg": ""}
2026-09-03 21:43:02 check 1/6: {"status": "MISMATCH", "vid": "iKnYsSgXqDM", "corr": 0.598, "luma": 125.6, "frozen": false, "msg": "correlation 0.598 < 0.6"}
2026-09-03 21:43:26 recovered after 1 bad checks: {"status": "OK", "vid": "iKnYsSgXqDM", "corr": 0.659, "luma": 126.3, "frozen": false, "msg": ""}
2026-09-03 21:45:01 check 1/6: {"status": "MISMATCH", "vid": "iKnYsSgXqDM", "corr": 0.58, "luma": 125.6, "frozen": false, "msg": "correlation 0.580 < 0.6"}
2026-09-03 21:45:25 recovered after 1 bad checks: {"status": "OK", "vid": "iKnYsSgXqDM", "corr": 0.615, "luma": 127.6, "frozen": false, "msg": ""}
2026-09-03 22:27:31 check 1/6: {"status": "MISMATCH", "vid": "iKnYsSgXqDM", "corr": 0.571, "luma": 127.3, "frozen": false, "msg": "correlation 0.571 < 0.6"}
2026-09-03 22:27:55 recovered after 1 bad checks: {"status": "OK", "vid": "iKnYsSgXqDM", "corr": 0.713, "luma": 134.4, "frozen": false, "msg": ""}
2026-09-03 22:38:21 check 1/6: {"status": "MISMATCH", "vid": "iKnYsSgXqDM", "corr": 0.589, "luma": 125.1, "frozen": false, "msg": "correlation 0.589 < 0.6"}
2026-09-03 22:38:46 recovered after 1 bad checks: {"status": "OK", "vid": "iKnYsSgXqDM", "corr": 0.733, "luma": 134.1, "frozen": false, "msg": ""}
2026-09-03 22:42:59 check 1/6: {"status": "OFFLINE", "msg": "no active live broadcast on the channel"}
2026-09-03 22:43:17 check 2/6: {"status": "OFFLINE", "msg": "no active live broadcast on the channel"}
2026-09-03 22:43:34 check 3/6: {"status": "OFFLINE", "msg": "no active live broadcast on the channel"}
2026-09-03 22:43:51 check 4/6: {"status": "OFFLINE", "msg": "no active live broadcast on the channel"}
2026-09-03 22:44:09 check 5/6: {"status": "OFFLINE", "msg": "no active live broadcast on the channel"}
2026-09-03 22:44:27 check 6/6: {"status": "OFFLINE", "msg": "no active live broadcast on the channel"}
2026-09-03 22:44:27 ACTION: restarting the streamer (sustained bad output on YouTube)
2026-09-03 22:55:54 check 1/6: {"status": "MISMATCH", "vid": "FxJJlOB7yUQ", "corr": 0.595, "luma": 124.5, "frozen": false, "msg": "correlation 0.595 < 0.6"}
2026-09-03 22:56:20 recovered after 1 bad checks: {"status": "OK", "vid": "FxJJlOB7yUQ", "corr": 0.644, "luma": 127.4, "frozen": false, "msg": ""}
2026-09-03 22:56:45 check 1/6: {"status": "MISMATCH", "vid": "FxJJlOB7yUQ", "corr": 0.594, "luma": 131.8, "frozen": false, "msg": "correlation 0.594 < 0.6"}
2026-09-03 22:57:09 recovered after 1 bad checks: {"status": "OK", "vid": "FxJJlOB7yUQ", "corr": 0.737, "luma": 134.9, "frozen": false, "msg": ""}
2026-09-03 23:37:01 check 1/6: {"status": "MISMATCH", "vid": "FxJJlOB7yUQ", "corr": 0.599, "luma": 131.8, "frozen": false, "msg": "correlation 0.599 < 0.6"}
2026-09-03 23:37:27 recovered after 1 bad checks: {"status": "OK", "vid": "FxJJlOB7yUQ", "corr": 0.714, "luma": 137.3, "frozen": false, "msg": ""}
2026-09-04 09:49:07 check 1/6: {"status": "FETCHFAIL", "msg": "timeout"}
2026-09-04 09:49:50 recovered after 1 bad checks: {"status": "OK", "vid": "FxJJlOB7yUQ", "corr": 0.634, "luma": 127.1, "frozen": false, "msg": ""}
2026-09-04 09:59:13 check 1/6: {"status": "MISMATCH", "vid": "FxJJlOB7yUQ", "corr": 0.589, "luma": 126.0, "frozen": false, "msg": "correlation 0.589 < 0.6"}
2026-09-04 09:59:37 check 2/6: {"status": "MISMATCH", "vid": "FxJJlOB7yUQ", "corr": 0.555, "luma": 128.5, "frozen": false, "msg": "correlation 0.555 < 0.6"}
2026-09-04 10:00:01 check 3/6: {"status": "MISMATCH", "vid": "FxJJlOB7yUQ", "corr": 0.539, "luma": 126.1, "frozen": false, "msg": "correlation 0.539 < 0.6"}
2026-09-04 10:00:25 check 4/6: {"status": "MISMATCH", "vid": "FxJJlOB7yUQ", "corr": 0.575, "luma": 128.1, "frozen": false, "msg": "correlation 0.575 < 0.6"}
2026-09-04 10:00:49 check 5/6: {"status": "MISMATCH", "vid": "FxJJlOB7yUQ", "corr": 0.578, "luma": 127.8, "frozen": false, "msg": "correlation 0.578 < 0.6"}
2026-09-04 10:01:12 check 6/6: {"status": "MISMATCH", "vid": "FxJJlOB7yUQ", "corr": 0.586, "luma": 127.2, "frozen": false, "msg": "correlation 0.586 < 0.6"}
2026-09-04 10:01:12 ACTION: restarting the streamer (sustained bad output on YouTube)
2026-09-04 10:02:37 check 1/6: {"status": "MISMATCH", "vid": "FxJJlOB7yUQ", "corr": 0.595, "luma": 128.4, "frozen": false, "msg": "correlation 0.595 < 0.6"}
2026-09-04 10:03:02 recovered after 1 bad checks: {"status": "OK", "vid": "FxJJlOB7yUQ", "corr": 0.602, "luma": 129.6, "frozen": false, "msg": ""}
2026-09-04 10:03:27 check 1/6: {"status": "MISMATCH", "vid": "FxJJlOB7yUQ", "corr": 0.551, "luma": 125.1, "frozen": false, "msg": "correlation 0.551 < 0.6"}
2026-09-04 10:03:50 check 2/6: {"status": "MISMATCH", "vid": "FxJJlOB7yUQ", "corr": 0.595, "luma": 129.0, "frozen": false, "msg": "correlation 0.595 < 0.6"}
2026-09-04 10:04:15 check 3/6: {"status": "MISMATCH", "vid": "FxJJlOB7yUQ", "corr": 0.595, "luma": 127.4, "frozen": false, "msg": "correlation 0.595 < 0.6"}
2026-09-04 10:04:38 recovered after 3 bad checks: {"status": "OK", "vid": "FxJJlOB7yUQ", "corr": 0.605, "luma": 123.3, "frozen": false, "msg": ""}
2026-09-04 10:05:27 check 1/6: {"status": "MISMATCH", "vid": "FxJJlOB7yUQ", "corr": 0.591, "luma": 125.6, "frozen": false, "msg": "correlation 0.591 < 0.6"}
2026-09-04 10:05:52 recovered after 1 bad checks: {"status": "OK", "vid": "FxJJlOB7yUQ", "corr": 0.61, "luma": 130.0, "frozen": false, "msg": ""}
2026-09-04 10:07:11 check 1/6: {"status": "MISMATCH", "vid": "FxJJlOB7yUQ", "corr": 0.587, "luma": 132.1, "frozen": false, "msg": "correlation 0.587 < 0.6"}
2026-09-04 10:07:36 recovered after 1 bad checks: {"status": "OK", "vid": "FxJJlOB7yUQ", "corr": 0.604, "luma": 128.9, "frozen": false, "msg": ""}
2026-09-04 10:08:00 check 1/6: {"status": "MISMATCH", "vid": "FxJJlOB7yUQ", "corr": 0.598, "luma": 129.4, "frozen": false, "msg": "correlation 0.598 < 0.6"}
2026-09-04 10:08:24 check 2/6: {"status": "MISMATCH", "vid": "FxJJlOB7yUQ", "corr": 0.592, "luma": 130.3, "frozen": false, "msg": "correlation 0.592 < 0.6"}
2026-09-04 10:08:49 check 3/6: {"status": "MISMATCH", "vid": "FxJJlOB7yUQ", "corr": 0.597, "luma": 129.7, "frozen": false, "msg": "correlation 0.597 < 0.6"}
2026-09-04 10:09:12 recovered after 3 bad checks: {"status": "OK", "vid": "FxJJlOB7yUQ", "corr": 0.601, "luma": 130.1, "frozen": false, "msg": ""}
2026-09-04 10:09:36 check 1/6: {"status": "MISMATCH", "vid": "FxJJlOB7yUQ", "corr": 0.583, "luma": 129.8, "frozen": false, "msg": "correlation 0.583 < 0.6"}
2026-09-04 10:10:00 check 2/6: {"status": "MISMATCH", "vid": "FxJJlOB7yUQ", "corr": 0.596, "luma": 128.2, "frozen": false, "msg": "correlation 0.596 < 0.6"}
2026-09-04 10:10:24 check 3/6: {"status": "MISMATCH", "vid": "FxJJlOB7yUQ", "corr": 0.59, "luma": 126.9, "frozen": false, "msg": "correlation 0.590 < 0.6"}
2026-09-04 10:10:49 check 4/6: {"status": "MISMATCH", "vid": "FxJJlOB7yUQ", "corr": 0.575, "luma": 126.9, "frozen": false, "msg": "correlation 0.575 < 0.6"}
2026-09-04 10:11:13 check 5/6: {"status": "MISMATCH", "vid": "FxJJlOB7yUQ", "corr": 0.589, "luma": 125.8, "frozen": false, "msg": "correlation 0.589 < 0.6"}
2026-09-04 10:11:37 check 6/6: {"status": "MISMATCH", "vid": "FxJJlOB7yUQ", "corr": 0.592, "luma": 126.1, "frozen": false, "msg": "correlation 0.592 < 0.6"}
2026-09-04 10:11:37 ACTION: restarting the streamer (sustained bad output on YouTube)
2026-09-04 10:32:32 check 1/6: {"status": "MISMATCH", "vid": "FxJJlOB7yUQ", "corr": 0.562, "luma": 123.5, "frozen": false, "msg": "correlation 0.562 < 0.6"}
2026-09-04 10:32:57 recovered after 1 bad checks: {"status": "OK", "vid": "FxJJlOB7yUQ", "corr": 0.644, "luma": 130.2, "frozen": false, "msg": ""}
2026-09-04 11:01:52 check 1/6: {"status": "MISMATCH", "vid": "FxJJlOB7yUQ", "corr": 0.599, "luma": 130.0, "frozen": false, "msg": "correlation 0.599 < 0.6"}
2026-09-04 11:02:16 recovered after 1 bad checks: {"status": "OK", "vid": "FxJJlOB7yUQ", "corr": 0.619, "luma": 130.3, "frozen": false, "msg": ""}
2026-09-04 11:10:44 check 1/6: {"status": "MISMATCH", "vid": "FxJJlOB7yUQ", "corr": 0.587, "luma": 129.0, "frozen": false, "msg": "correlation 0.587 < 0.6"}
2026-09-04 11:11:08 recovered after 1 bad checks: {"status": "OK", "vid": "FxJJlOB7yUQ", "corr": 0.628, "luma": 131.4, "frozen": false, "msg": ""}
2026-09-04 11:13:30 check 1/6: {"status": "MISMATCH", "vid": "FxJJlOB7yUQ", "corr": 0.572, "luma": 128.3, "frozen": false, "msg": "correlation 0.572 < 0.6"}
2026-09-04 11:13:54 recovered after 1 bad checks: {"status": "OK", "vid": "FxJJlOB7yUQ", "corr": 0.617, "luma": 132.3, "frozen": false, "msg": ""}
2026-09-04 12:16:27 check 1/6: {"status": "MISMATCH", "vid": "FxJJlOB7yUQ", "corr": 0.595, "luma": 129.4, "frozen": false, "msg": "correlation 0.595 < 0.6"}
2026-09-04 12:16:51 check 2/6: {"status": "MISMATCH", "vid": "FxJJlOB7yUQ", "corr": 0.598, "luma": 131.1, "frozen": false, "msg": "correlation 0.598 < 0.6"}
2026-09-04 12:17:16 recovered after 2 bad checks: {"status": "OK", "vid": "FxJJlOB7yUQ", "corr": 0.618, "luma": 130.4, "frozen": false, "msg": ""}
2026-09-04 12:27:38 check 1/6: {"status": "MISMATCH", "vid": "FxJJlOB7yUQ", "corr": 0.552, "luma": 126.0, "frozen": false, "msg": "correlation 0.552 < 0.6"}
2026-09-04 12:28:03 recovered after 1 bad checks: {"status": "OK", "vid": "FxJJlOB7yUQ", "corr": 0.629, "luma": 132.9, "frozen": false, "msg": ""}
2026-09-04 12:41:50 check 1/6: {"status": "MISMATCH", "vid": "FxJJlOB7yUQ", "corr": 0.598, "luma": 129.3, "frozen": false, "msg": "correlation 0.598 < 0.6"}
2026-09-04 12:42:14 check 2/6: {"status": "MISMATCH", "vid": "FxJJlOB7yUQ", "corr": 0.574, "luma": 127.3, "frozen": false, "msg": "correlation 0.574 < 0.6"}
2026-09-04 12:42:38 recovered after 2 bad checks: {"status": "OK", "vid": "FxJJlOB7yUQ", "corr": 0.612, "luma": 127.5, "frozen": false, "msg": ""}
2026-09-04 12:43:26 check 1/6: {"status": "MISMATCH", "vid": "FxJJlOB7yUQ", "corr": 0.557, "luma": 129.2, "frozen": false, "msg": "correlation 0.557 < 0.6"}
2026-09-04 12:43:51 recovered after 1 bad checks: {"status": "OK", "vid": "FxJJlOB7yUQ", "corr": 0.613, "luma": 132.7, "frozen": false, "msg": ""}
2026-09-04 12:44:16 check 1/6: {"status": "MISMATCH", "vid": "FxJJlOB7yUQ", "corr": 0.569, "luma": 131.6, "frozen": false, "msg": "correlation 0.569 < 0.6"}
2026-09-04 12:44:40 recovered after 1 bad checks: {"status": "OK", "vid": "FxJJlOB7yUQ", "corr": 0.613, "luma": 131.0, "frozen": false, "msg": ""}
2026-09-04 12:45:28 check 1/6: {"status": "MISMATCH", "vid": "FxJJlOB7yUQ", "corr": 0.591, "luma": 126.7, "frozen": false, "msg": "correlation 0.591 < 0.6"}
2026-09-04 12:45:53 check 2/6: {"status": "MISMATCH", "vid": "FxJJlOB7yUQ", "corr": 0.593, "luma": 127.9, "frozen": false, "msg": "correlation 0.593 < 0.6"}
2026-09-04 12:46:19 recovered after 2 bad checks: {"status": "OK", "vid": "FxJJlOB7yUQ", "corr": 0.611, "luma": 132.0, "frozen": false, "msg": ""}
2026-09-04 12:47:08 check 1/6: {"status": "MISMATCH", "vid": "FxJJlOB7yUQ", "corr": 0.579, "luma": 128.9, "frozen": false, "msg": "correlation 0.579 < 0.6"}
2026-09-04 12:47:32 check 2/6: {"status": "MISMATCH", "vid": "FxJJlOB7yUQ", "corr": 0.593, "luma": 129.8, "frozen": false, "msg": "correlation 0.593 < 0.6"}
2026-09-04 12:47:56 check 3/6: {"status": "MISMATCH", "vid": "FxJJlOB7yUQ", "corr": 0.583, "luma": 130.2, "frozen": false, "msg": "correlation 0.583 < 0.6"}
2026-09-04 12:48:20 check 4/6: {"status": "MISMATCH", "vid": "FxJJlOB7yUQ", "corr": 0.594, "luma": 130.5, "frozen": false, "msg": "correlation 0.594 < 0.6"}
2026-09-04 12:48:44 recovered after 4 bad checks: {"status": "OK", "vid": "FxJJlOB7yUQ", "corr": 0.621, "luma": 131.6, "frozen": false, "msg": ""}
2026-09-04 13:12:58 check 1/6: {"status": "MISMATCH", "vid": "FxJJlOB7yUQ", "corr": 0.584, "luma": 126.4, "frozen": false, "msg": "correlation 0.584 < 0.6"}
2026-09-04 13:13:22 recovered after 1 bad checks: {"status": "OK", "vid": "FxJJlOB7yUQ", "corr": 0.625, "luma": 125.8, "frozen": false, "msg": ""}
2026-09-04 13:16:13 check 1/6: {"status": "MISMATCH", "vid": "FxJJlOB7yUQ", "corr": 0.575, "luma": 125.6, "frozen": false, "msg": "correlation 0.575 < 0.6"}
2026-09-04 13:16:37 recovered after 1 bad checks: {"status": "OK", "vid": "FxJJlOB7yUQ", "corr": 0.63, "luma": 130.4, "frozen": false, "msg": ""}
2026-09-04 13:42:27 check 1/6: {"status": "MISMATCH", "vid": "FxJJlOB7yUQ", "corr": 0.569, "luma": 122.6, "frozen": false, "msg": "correlation 0.569 < 0.6"}
2026-09-04 13:42:51 recovered after 1 bad checks: {"status": "OK", "vid": "FxJJlOB7yUQ", "corr": 0.63, "luma": 132.1, "frozen": false, "msg": ""}
2026-09-04 14:12:50 check 1/6: {"status": "MISMATCH", "vid": "FxJJlOB7yUQ", "corr": 0.554, "luma": 131.6, "frozen": false, "msg": "correlation 0.554 < 0.6"}
2026-09-04 14:13:18 check 2/6: {"status": "MISMATCH", "vid": "FxJJlOB7yUQ", "corr": 0.549, "luma": 131.6, "frozen": false, "msg": "correlation 0.549 < 0.6"}
2026-09-04 14:13:45 check 3/6: {"status": "MISMATCH", "vid": "FxJJlOB7yUQ", "corr": 0.572, "luma": 131.6, "frozen": false, "msg": "correlation 0.572 < 0.6"}
2026-09-04 14:14:12 check 4/6: {"status": "MISMATCH", "vid": "FxJJlOB7yUQ", "corr": 0.589, "luma": 133.1, "frozen": false, "msg": "correlation 0.589 < 0.6"}
2026-09-04 14:14:39 recovered after 4 bad checks: {"status": "OK", "vid": "FxJJlOB7yUQ", "corr": 0.61, "luma": 127.8, "frozen": false, "msg": ""}
2026-09-04 14:15:40 check 1/6: {"status": "MISMATCH", "vid": "FxJJlOB7yUQ", "corr": 0.59, "luma": 130.0, "frozen": false, "msg": "correlation 0.590 < 0.6"}
2026-09-04 14:16:08 recovered after 1 bad checks: {"status": "OK", "vid": "FxJJlOB7yUQ", "corr": 0.602, "luma": 130.1, "frozen": false, "msg": ""}
2026-09-04 14:17:29 check 1/6: {"status": "MISMATCH", "vid": "FxJJlOB7yUQ", "corr": 0.6, "luma": 130.4, "frozen": false, "msg": "correlation 0.600 < 0.6"}
2026-09-04 14:17:57 check 2/6: {"status": "MISMATCH", "vid": "FxJJlOB7yUQ", "corr": 0.599, "luma": 130.7, "frozen": false, "msg": "correlation 0.599 < 0.6"}
2026-09-04 14:18:25 recovered after 2 bad checks: {"status": "OK", "vid": "FxJJlOB7yUQ", "corr": 0.604, "luma": 132.2, "frozen": false, "msg": ""}
2026-09-04 14:24:27 check 1/6: {"status": "MISMATCH", "vid": "FxJJlOB7yUQ", "corr": 0.597, "luma": 131.4, "frozen": false, "msg": "correlation 0.597 < 0.6"}
2026-09-04 14:24:56 check 2/6: {"status": "MISMATCH", "vid": "FxJJlOB7yUQ", "corr": 0.595, "luma": 130.6, "frozen": false, "msg": "correlation 0.595 < 0.6"}
2026-09-04 14:25:25 check 3/6: {"status": "MISMATCH", "vid": "FxJJlOB7yUQ", "corr": 0.597, "luma": 131.1, "frozen": false, "msg": "correlation 0.597 < 0.6"}
2026-09-04 14:26:06 check 4/6: {"status": "MISMATCH", "vid": "FxJJlOB7yUQ", "corr": 0.597, "luma": 130.6, "frozen": false, "msg": "correlation 0.597 < 0.6"}
2026-09-04 14:26:37 recovered after 4 bad checks: {"status": "OK", "vid": "FxJJlOB7yUQ", "corr": 0.605, "luma": 131.9, "frozen": false, "msg": ""}
2026-09-04 14:33:20 check 1/6: {"status": "MISMATCH", "vid": "FxJJlOB7yUQ", "corr": 0.593, "luma": 131.3, "frozen": false, "msg": "correlation 0.593 < 0.6"}
2026-09-04 14:33:46 check 2/6: {"status": "MISMATCH", "vid": "FxJJlOB7yUQ", "corr": 0.598, "luma": 131.7, "frozen": false, "msg": "correlation 0.598 < 0.6"}
2026-09-04 14:34:12 check 3/6: {"status": "MISMATCH", "vid": "FxJJlOB7yUQ", "corr": 0.598, "luma": 131.9, "frozen": false, "msg": "correlation 0.598 < 0.6"}
2026-09-04 14:34:40 recovered after 3 bad checks: {"status": "OK", "vid": "FxJJlOB7yUQ", "corr": 0.603, "luma": 132.5, "frozen": false, "msg": ""}
2026-09-04 14:35:07 check 1/6: {"status": "MISMATCH", "vid": "FxJJlOB7yUQ", "corr": 0.596, "luma": 131.7, "frozen": false, "msg": "correlation 0.596 < 0.6"}
2026-09-04 14:35:33 recovered after 1 bad checks: {"status": "OK", "vid": "FxJJlOB7yUQ", "corr": 0.6, "luma": 132.0, "frozen": false, "msg": ""}
2026-09-04 14:37:47 check 1/6: {"status": "MISMATCH", "vid": "FxJJlOB7yUQ", "corr": 0.577, "luma": 130.0, "frozen": false, "msg": "correlation 0.577 < 0.6"}
2026-09-04 14:38:19 check 2/6: {"status": "MISMATCH", "vid": "FxJJlOB7yUQ", "corr": 0.594, "luma": 131.9, "frozen": false, "msg": "correlation 0.594 < 0.6"}
2026-09-04 14:38:46 check 3/6: {"status": "MISMATCH", "vid": "FxJJlOB7yUQ", "corr": 0.593, "luma": 131.6, "frozen": false, "msg": "correlation 0.593 < 0.6"}
2026-09-04 14:39:15 check 4/6: {"status": "MISMATCH", "vid": "FxJJlOB7yUQ", "corr": 0.59, "luma": 130.8, "frozen": false, "msg": "correlation 0.590 < 0.6"}
2026-09-04 14:39:41 check 5/6: {"status": "MISMATCH", "vid": "FxJJlOB7yUQ", "corr": 0.594, "luma": 131.0, "frozen": false, "msg": "correlation 0.594 < 0.6"}
2026-09-04 14:40:07 check 6/6: {"status": "MISMATCH", "vid": "FxJJlOB7yUQ", "corr": 0.592, "luma": 131.2, "frozen": false, "msg": "correlation 0.592 < 0.6"}
2026-09-04 14:40:07 ACTION: restarting the streamer (sustained bad output on YouTube)
2026-09-04 14:41:35 check 1/6: {"status": "MISMATCH", "vid": "FxJJlOB7yUQ", "corr": 0.591, "luma": 131.3, "frozen": false, "msg": "correlation 0.591 < 0.6"}
2026-09-04 14:41:59 check 2/6: {"status": "MISMATCH", "vid": "FxJJlOB7yUQ", "corr": 0.59, "luma": 131.2, "frozen": false, "msg": "correlation 0.590 < 0.6"}
2026-09-04 14:42:23 check 3/6: {"status": "MISMATCH", "vid": "FxJJlOB7yUQ", "corr": 0.59, "luma": 131.1, "frozen": false, "msg": "correlation 0.590 < 0.6"}
2026-09-04 14:42:47 check 4/6: {"status": "MISMATCH", "vid": "FxJJlOB7yUQ", "corr": 0.591, "luma": 131.1, "frozen": false, "msg": "correlation 0.591 < 0.6"}
2026-09-04 14:43:13 check 5/6: {"status": "MISMATCH", "vid": "FxJJlOB7yUQ", "corr": 0.591, "luma": 131.0, "frozen": false, "msg": "correlation 0.591 < 0.6"}
2026-09-04 14:43:37 check 6/6: {"status": "MISMATCH", "vid": "FxJJlOB7yUQ", "corr": 0.59, "luma": 130.8, "frozen": false, "msg": "correlation 0.590 < 0.6"}
2026-09-04 14:43:37 ACTION: restarting the streamer (sustained bad output on YouTube)
2026-09-04 14:45:01 check 1/6: {"status": "MISMATCH", "vid": "FxJJlOB7yUQ", "corr": 0.596, "luma": 130.6, "frozen": false, "msg": "correlation 0.596 < 0.6"}
2026-09-04 14:45:24 check 2/6: {"status": "MISMATCH", "vid": "FxJJlOB7yUQ", "corr": 0.594, "luma": 130.6, "frozen": false, "msg": "correlation 0.594 < 0.6"}
2026-09-04 14:45:47 check 3/6: {"status": "MISMATCH", "vid": "FxJJlOB7yUQ", "corr": 0.594, "luma": 130.5, "frozen": false, "msg": "correlation 0.594 < 0.6"}
2026-09-04 14:46:12 check 4/6: {"status": "MISMATCH", "vid": "FxJJlOB7yUQ", "corr": 0.594, "luma": 130.8, "frozen": false, "msg": "correlation 0.594 < 0.6"}
2026-09-04 14:46:37 check 5/6: {"status": "MISMATCH", "vid": "FxJJlOB7yUQ", "corr": 0.595, "luma": 130.7, "frozen": false, "msg": "correlation 0.595 < 0.6"}
2026-09-04 14:47:01 check 6/6: {"status": "MISMATCH", "vid": "FxJJlOB7yUQ", "corr": 0.594, "luma": 130.8, "frozen": false, "msg": "correlation 0.594 < 0.6"}
2026-09-04 14:47:01 ACTION: restarting the streamer (sustained bad output on YouTube)
2026-09-04 14:48:27 check 1/6: {"status": "MISMATCH", "vid": "FxJJlOB7yUQ", "corr": 0.589, "luma": 129.1, "frozen": false, "msg": "correlation 0.589 < 0.6"}
2026-09-04 14:48:50 check 2/6: {"status": "MISMATCH", "vid": "FxJJlOB7yUQ", "corr": 0.592, "luma": 129.8, "frozen": false, "msg": "correlation 0.592 < 0.6"}
2026-09-04 14:49:14 recovered after 2 bad checks: {"status": "OK", "vid": "FxJJlOB7yUQ", "corr": 0.622, "luma": 124.9, "frozen": false, "msg": ""}
2026-09-04 14:50:02 check 1/6: {"status": "MISMATCH", "vid": "FxJJlOB7yUQ", "corr": 0.583, "luma": 129.6, "frozen": false, "msg": "correlation 0.583 < 0.6"}
2026-09-04 14:50:25 recovered after 1 bad checks: {"status": "OK", "vid": "FxJJlOB7yUQ", "corr": 0.604, "luma": 131.3, "frozen": false, "msg": ""}
2026-09-04 14:51:13 check 1/6: {"status": "MISMATCH", "vid": "FxJJlOB7yUQ", "corr": 0.591, "luma": 131.2, "frozen": false, "msg": "correlation 0.591 < 0.6"}
2026-09-04 14:51:37 check 2/6: {"status": "MISMATCH", "vid": "FxJJlOB7yUQ", "corr": 0.599, "luma": 131.9, "frozen": false, "msg": "correlation 0.599 < 0.6"}
2026-09-04 14:52:01 recovered after 2 bad checks: {"status": "OK", "vid": "FxJJlOB7yUQ", "corr": 0.601, "luma": 131.1, "frozen": false, "msg": ""}
2026-09-04 14:52:26 check 1/6: {"status": "MISMATCH", "vid": "FxJJlOB7yUQ", "corr": 0.595, "luma": 131.5, "frozen": false, "msg": "correlation 0.595 < 0.6"}
2026-09-04 14:52:51 check 2/6: {"status": "MISMATCH", "vid": "FxJJlOB7yUQ", "corr": 0.591, "luma": 130.1, "frozen": false, "msg": "correlation 0.591 < 0.6"}
2026-09-04 14:53:15 check 3/6: {"status": "MISMATCH", "vid": "FxJJlOB7yUQ", "corr": 0.575, "luma": 129.2, "frozen": false, "msg": "correlation 0.575 < 0.6"}
2026-09-04 14:53:39 recovered after 3 bad checks: {"status": "OK", "vid": "FxJJlOB7yUQ", "corr": 0.621, "luma": 129.1, "frozen": false, "msg": ""}
2026-09-04 14:59:37 check 1/6: {"status": "MISMATCH", "vid": "FxJJlOB7yUQ", "corr": 0.599, "luma": 130.2, "frozen": false, "msg": "correlation 0.599 < 0.6"}
2026-09-04 15:00:03 recovered after 1 bad checks: {"status": "OK", "vid": "FxJJlOB7yUQ", "corr": 0.605, "luma": 131.0, "frozen": false, "msg": ""}
2026-09-04 15:01:19 check 1/6: {"status": "MISMATCH", "vid": "FxJJlOB7yUQ", "corr": 0.594, "luma": 130.9, "frozen": false, "msg": "correlation 0.594 < 0.6"}
2026-09-04 15:01:46 recovered after 1 bad checks: {"status": "OK", "vid": "FxJJlOB7yUQ", "corr": 0.608, "luma": 131.3, "frozen": false, "msg": ""}
2026-09-04 15:02:39 check 1/6: {"status": "MISMATCH", "vid": "FxJJlOB7yUQ", "corr": 0.593, "luma": 130.2, "frozen": false, "msg": "correlation 0.593 < 0.6"}
2026-09-04 15:03:04 check 2/6: {"status": "MISMATCH", "vid": "FxJJlOB7yUQ", "corr": 0.581, "luma": 130.7, "frozen": false, "msg": "correlation 0.581 < 0.6"}
2026-09-04 15:03:31 check 3/6: {"status": "MISMATCH", "vid": "FxJJlOB7yUQ", "corr": 0.594, "luma": 130.1, "frozen": false, "msg": "correlation 0.594 < 0.6"}
2026-09-04 15:03:57 recovered after 3 bad checks: {"status": "OK", "vid": "FxJJlOB7yUQ", "corr": 0.61, "luma": 132.2, "frozen": false, "msg": ""}
2026-09-04 15:09:17 check 1/6: {"status": "MISMATCH", "vid": "FxJJlOB7yUQ", "corr": 0.592, "luma": 130.5, "frozen": false, "msg": "correlation 0.592 < 0.6"}
2026-09-04 15:09:40 check 2/6: {"status": "MISMATCH", "vid": "FxJJlOB7yUQ", "corr": 0.594, "luma": 130.9, "frozen": false, "msg": "correlation 0.594 < 0.6"}
2026-09-04 15:10:04 recovered after 2 bad checks: {"status": "OK", "vid": "FxJJlOB7yUQ", "corr": 0.601, "luma": 131.2, "frozen": false, "msg": ""}
2026-09-04 15:17:53 check 1/6: {"status": "MISMATCH", "vid": "FxJJlOB7yUQ", "corr": 0.548, "luma": 127.0, "frozen": false, "msg": "correlation 0.548 < 0.6"}
2026-09-04 15:18:20 check 2/6: {"status": "MISMATCH", "vid": "FxJJlOB7yUQ", "corr": 0.522, "luma": 127.2, "frozen": false, "msg": "correlation 0.522 < 0.6"}
2026-09-04 15:18:47 check 3/6: {"status": "MISMATCH", "vid": "FxJJlOB7yUQ", "corr": 0.573, "luma": 129.9, "frozen": false, "msg": "correlation 0.573 < 0.6"}
2026-09-04 15:19:12 check 4/6: {"status": "MISMATCH", "vid": "FxJJlOB7yUQ", "corr": 0.556, "luma": 128.8, "frozen": false, "msg": "correlation 0.556 < 0.6"}
2026-09-04 15:19:41 recovered after 4 bad checks: {"status": "OK", "vid": "FxJJlOB7yUQ", "corr": 0.613, "luma": 132.4, "frozen": false, "msg": ""}
2026-09-04 15:20:35 check 1/6: {"status": "MISMATCH", "vid": "FxJJlOB7yUQ", "corr": 0.593, "luma": 132.1, "frozen": false, "msg": "correlation 0.593 < 0.6"}
2026-09-04 15:21:01 recovered after 1 bad checks: {"status": "OK", "vid": "FxJJlOB7yUQ", "corr": 0.614, "luma": 135.0, "frozen": false, "msg": ""}
2026-09-04 15:26:26 check 1/6: {"status": "MISMATCH", "vid": "FxJJlOB7yUQ", "corr": 0.564, "luma": 129.3, "frozen": false, "msg": "correlation 0.564 < 0.6"}
2026-09-04 15:26:52 check 2/6: {"status": "MISMATCH", "vid": "FxJJlOB7yUQ", "corr": 0.57, "luma": 137.0, "frozen": false, "msg": "correlation 0.570 < 0.6"}
2026-09-04 15:27:18 check 3/6: {"status": "MISMATCH", "vid": "FxJJlOB7yUQ", "corr": 0.554, "luma": 137.5, "frozen": false, "msg": "correlation 0.554 < 0.6"}
2026-09-04 15:27:44 recovered after 3 bad checks: {"status": "OK", "vid": "FxJJlOB7yUQ", "corr": 0.662, "luma": 133.6, "frozen": false, "msg": ""}
2026-09-04 16:02:30 check 1/6: {"status": "FETCHFAIL", "msg": "timeout"}
2026-09-04 16:03:07 recovered after 1 bad checks: {"status": "OK", "vid": "FxJJlOB7yUQ", "corr": 0.701, "luma": 127.2, "frozen": false, "msg": ""}
2026-09-04 16:49:16 check 1/6: {"status": "MISMATCH", "vid": "FxJJlOB7yUQ", "corr": 0.553, "luma": 125.5, "frozen": false, "msg": "correlation 0.553 < 0.6"}
2026-09-04 16:49:47 check 2/6: {"status": "MISMATCH", "vid": "FxJJlOB7yUQ", "corr": 0.579, "luma": 128.9, "frozen": false, "msg": "correlation 0.579 < 0.6"}
2026-09-04 16:50:17 check 3/6: {"status": "MISMATCH", "vid": "FxJJlOB7yUQ", "corr": 0.586, "luma": 128.0, "frozen": false, "msg": "correlation 0.586 < 0.6"}
2026-09-04 16:50:45 check 4/6: {"status": "MISMATCH", "vid": "FxJJlOB7yUQ", "corr": 0.583, "luma": 128.6, "frozen": false, "msg": "correlation 0.583 < 0.6"}
2026-09-04 16:51:14 check 5/6: {"status": "MISMATCH", "vid": "FxJJlOB7yUQ", "corr": 0.582, "luma": 128.6, "frozen": false, "msg": "correlation 0.582 < 0.6"}
2026-09-04 16:51:44 recovered after 5 bad checks: {"status": "OK", "vid": "FxJJlOB7yUQ", "corr": 0.608, "luma": 129.9, "frozen": false, "msg": ""}
2026-09-04 16:52:13 check 1/6: {"status": "MISMATCH", "vid": "FxJJlOB7yUQ", "corr": 0.598, "luma": 128.0, "frozen": false, "msg": "correlation 0.598 < 0.6"}
2026-09-04 16:52:50 check 2/6: {"status": "MISMATCH", "vid": "FxJJlOB7yUQ", "corr": 0.568, "luma": 125.4, "frozen": false, "msg": "correlation 0.568 < 0.6"}
2026-09-04 16:53:27 check 3/6: {"status": "MISMATCH", "vid": "FxJJlOB7yUQ", "corr": 0.584, "luma": 125.3, "frozen": false, "msg": "correlation 0.584 < 0.6"}
2026-09-04 16:53:58 recovered after 3 bad checks: {"status": "OK", "vid": "FxJJlOB7yUQ", "corr": 0.601, "luma": 127.7, "frozen": false, "msg": ""}
2026-09-04 16:54:36 check 1/6: {"status": "MISMATCH", "vid": "FxJJlOB7yUQ", "corr": 0.576, "luma": 125.9, "frozen": false, "msg": "correlation 0.576 < 0.6"}
2026-09-04 16:55:11 recovered after 1 bad checks: {"status": "OK", "vid": "FxJJlOB7yUQ", "corr": 0.601, "luma": 127.2, "frozen": false, "msg": ""}
2026-09-04 16:55:40 check 1/6: {"status": "MISMATCH", "vid": "FxJJlOB7yUQ", "corr": 0.581, "luma": 125.7, "frozen": false, "msg": "correlation 0.581 < 0.6"}
2026-09-04 16:56:11 check 2/6: {"status": "MISMATCH", "vid": "FxJJlOB7yUQ", "corr": 0.577, "luma": 124.8, "frozen": false, "msg": "correlation 0.577 < 0.6"}
2026-09-04 16:56:42 check 3/6: {"status": "MISMATCH", "vid": "FxJJlOB7yUQ", "corr": 0.586, "luma": 124.8, "frozen": false, "msg": "correlation 0.586 < 0.6"}
2026-09-04 16:57:10 check 4/6: {"status": "MISMATCH", "vid": "FxJJlOB7yUQ", "corr": 0.59, "luma": 124.8, "frozen": false, "msg": "correlation 0.590 < 0.6"}
2026-09-04 16:57:48 check 5/6: {"status": "MISMATCH", "vid": "FxJJlOB7yUQ", "corr": 0.589, "luma": 125.0, "frozen": false, "msg": "correlation 0.589 < 0.6"}
2026-09-04 16:58:16 recovered after 5 bad checks: {"status": "OK", "vid": "FxJJlOB7yUQ", "corr": 0.615, "luma": 126.0, "frozen": false, "msg": ""}
2026-09-04 17:03:25 check 1/6: {"status": "MISMATCH", "vid": "FxJJlOB7yUQ", "corr": 0.589, "luma": 126.1, "frozen": false, "msg": "correlation 0.589 < 0.6"}
2026-09-04 17:03:53 recovered after 1 bad checks: {"status": "OK", "vid": "FxJJlOB7yUQ", "corr": 0.656, "luma": 128.2, "frozen": false, "msg": ""}
2026-09-04 17:05:14 check 1/6: {"status": "MISMATCH", "vid": "FxJJlOB7yUQ", "corr": 0.6, "luma": 127.7, "frozen": false, "msg": "correlation 0.600 < 0.6"}
2026-09-04 17:05:39 recovered after 1 bad checks: {"status": "OK", "vid": "FxJJlOB7yUQ", "corr": 0.627, "luma": 129.5, "frozen": false, "msg": ""}
2026-09-04 17:10:32 check 1/6: {"status": "MISMATCH", "vid": "FxJJlOB7yUQ", "corr": 0.594, "luma": 124.9, "frozen": false, "msg": "correlation 0.594 < 0.6"}
2026-09-04 17:10:57 check 2/6: {"status": "MISMATCH", "vid": "FxJJlOB7yUQ", "corr": 0.599, "luma": 125.3, "frozen": false, "msg": "correlation 0.599 < 0.6"}
2026-09-04 17:11:19 check 3/6: {"status": "MISMATCH", "vid": "FxJJlOB7yUQ", "corr": 0.598, "luma": 125.1, "frozen": false, "msg": "correlation 0.598 < 0.6"}
2026-09-04 17:11:44 recovered after 3 bad checks: {"status": "OK", "vid": "FxJJlOB7yUQ", "corr": 0.619, "luma": 129.7, "frozen": false, "msg": ""}
2026-09-04 17:26:08 check 1/6: {"status": "MISMATCH", "vid": "FxJJlOB7yUQ", "corr": 0.588, "luma": 130.3, "frozen": false, "msg": "correlation 0.588 < 0.6"}
2026-09-04 17:26:42 recovered after 1 bad checks: {"status": "OK", "vid": "FxJJlOB7yUQ", "corr": 0.664, "luma": 126.2, "frozen": false, "msg": ""}
2026-09-04 19:14:59 check 1/6: {"status": "FETCHFAIL", "msg": "timeout"}
2026-09-04 19:16:49 recovered after 1 bad checks: {"status": "OK", "vid": "FxJJlOB7yUQ", "corr": 0.651, "luma": 125.9, "frozen": false, "msg": ""}
2026-09-04 19:49:42 check 1/6: {"status": "FETCHFAIL", "msg": "timeout"}
2026-09-04 19:51:23 check 2/6: {"status": "FETCHFAIL", "msg": "timeout"}
2026-09-04 19:53:04 check 3/6: {"status": "FETCHFAIL", "msg": "timeout"}
2026-09-04 19:54:46 check 4/6: {"status": "FETCHFAIL", "msg": "timeout"}
2026-09-04 19:56:07 recovered after 4 bad checks: {"status": "OK", "vid": "FxJJlOB7yUQ", "corr": 0.721, "luma": 133.6, "frozen": false, "msg": ""}
2026-09-04 20:11:55 check 1/6: {"status": "MISMATCH", "vid": "FxJJlOB7yUQ", "corr": 0.579, "luma": 124.3, "frozen": false, "msg": "correlation 0.579 < 0.6"}
2026-09-04 20:13:36 recovered after 1 bad checks: {"status": "OK", "vid": "FxJJlOB7yUQ", "corr": 0.689, "luma": 131.2, "frozen": false, "msg": ""}
2026-09-04 20:24:22 check 1/6: {"status": "MISMATCH", "vid": "FxJJlOB7yUQ", "corr": 0.574, "luma": 126.7, "frozen": false, "msg": "correlation 0.574 < 0.6"}
2026-09-04 20:24:47 recovered after 1 bad checks: {"status": "OK", "vid": "FxJJlOB7yUQ", "corr": 0.631, "luma": 129.9, "frozen": false, "msg": ""}
2026-09-04 20:28:04 check 1/6: {"status": "MISMATCH", "vid": "FxJJlOB7yUQ", "corr": 0.316, "luma": 131.0, "frozen": false, "msg": "correlation 0.316 < 0.6"}
2026-09-04 20:28:34 recovered after 1 bad checks: {"status": "OK", "vid": "FxJJlOB7yUQ", "corr": 0.683, "luma": 133.5, "frozen": false, "msg": ""}
2026-09-04 20:31:30 check 1/6: {"status": "MISMATCH", "vid": "FxJJlOB7yUQ", "corr": 0.408, "luma": 128.1, "frozen": false, "msg": "correlation 0.408 < 0.6"}
2026-09-04 20:31:57 check 2/6: {"status": "MISMATCH", "vid": "FxJJlOB7yUQ", "corr": 0.524, "luma": 124.8, "frozen": false, "msg": "correlation 0.524 < 0.6"}
2026-09-04 20:32:25 check 3/6: {"status": "MISMATCH", "vid": "FxJJlOB7yUQ", "corr": 0.525, "luma": 124.9, "frozen": false, "msg": "correlation 0.525 < 0.6"}
2026-09-04 20:32:52 check 4/6: {"status": "MISMATCH", "vid": "FxJJlOB7yUQ", "corr": 0.526, "luma": 131.3, "frozen": false, "msg": "correlation 0.526 < 0.6"}
2026-09-04 20:33:20 check 5/6: {"status": "MISMATCH", "vid": "FxJJlOB7yUQ", "corr": 0.547, "luma": 132.9, "frozen": false, "msg": "correlation 0.547 < 0.6"}
2026-09-04 20:33:47 check 6/6: {"status": "MISMATCH", "vid": "FxJJlOB7yUQ", "corr": 0.551, "luma": 133.4, "frozen": false, "msg": "correlation 0.551 < 0.6"}
2026-09-04 20:33:47 ACTION: restarting the streamer (sustained bad output on YouTube)
2026-09-04 20:35:16 check 1/6: {"status": "MISMATCH", "vid": "FxJJlOB7yUQ", "corr": 0.51, "luma": 132.4, "frozen": false, "msg": "correlation 0.510 < 0.6"}
2026-09-04 20:35:42 check 2/6: {"status": "MISMATCH", "vid": "FxJJlOB7yUQ", "corr": 0.53, "luma": 132.4, "frozen": false, "msg": "correlation 0.530 < 0.6"}
2026-09-04 20:36:10 check 3/6: {"status": "MISMATCH", "vid": "FxJJlOB7yUQ", "corr": 0.516, "luma": 132.7, "frozen": false, "msg": "correlation 0.516 < 0.6"}
2026-09-04 20:36:39 check 4/6: {"status": "MISMATCH", "vid": "FxJJlOB7yUQ", "corr": 0.524, "luma": 132.5, "frozen": false, "msg": "correlation 0.524 < 0.6"}
2026-09-04 20:37:07 check 5/6: {"status": "MISMATCH", "vid": "FxJJlOB7yUQ", "corr": 0.52, "luma": 132.6, "frozen": false, "msg": "correlation 0.520 < 0.6"}
2026-09-04 20:37:34 check 6/6: {"status": "MISMATCH", "vid": "FxJJlOB7yUQ", "corr": 0.529, "luma": 131.7, "frozen": false, "msg": "correlation 0.529 < 0.6"}
2026-09-04 20:37:34 ACTION: restarting the streamer (sustained bad output on YouTube)
2026-09-04 20:39:00 check 1/6: {"status": "MISMATCH", "vid": "FxJJlOB7yUQ", "corr": 0.524, "luma": 131.9, "frozen": false, "msg": "correlation 0.524 < 0.6"}
2026-09-04 20:39:27 check 2/6: {"status": "MISMATCH", "vid": "FxJJlOB7yUQ", "corr": 0.534, "luma": 131.8, "frozen": false, "msg": "correlation 0.534 < 0.6"}
2026-09-04 20:39:53 check 3/6: {"status": "MISMATCH", "vid": "FxJJlOB7yUQ", "corr": 0.526, "luma": 132.1, "frozen": false, "msg": "correlation 0.526 < 0.6"}
2026-09-04 20:40:19 check 4/6: {"status": "MISMATCH", "vid": "FxJJlOB7yUQ", "corr": 0.524, "luma": 132.4, "frozen": false, "msg": "correlation 0.524 < 0.6"}
2026-09-04 20:40:47 check 5/6: {"status": "MISMATCH", "vid": "FxJJlOB7yUQ", "corr": 0.527, "luma": 132.9, "frozen": false, "msg": "correlation 0.527 < 0.6"}
2026-09-04 20:41:12 check 6/6: {"status": "MISMATCH", "vid": "FxJJlOB7yUQ", "corr": 0.519, "luma": 132.1, "frozen": false, "msg": "correlation 0.519 < 0.6"}
2026-09-04 20:41:12 ACTION: restarting the streamer (sustained bad output on YouTube)
2026-09-04 20:42:38 check 1/6: {"status": "MISMATCH", "vid": "FxJJlOB7yUQ", "corr": 0.497, "luma": 130.9, "frozen": false, "msg": "correlation 0.497 < 0.6"}
2026-09-04 20:43:04 check 2/6: {"status": "MISMATCH", "vid": "FxJJlOB7yUQ", "corr": 0.433, "luma": 127.9, "frozen": false, "msg": "correlation 0.433 < 0.6"}
2026-09-04 20:43:30 check 3/6: {"status": "MISMATCH", "vid": "FxJJlOB7yUQ", "corr": 0.492, "luma": 131.3, "frozen": false, "msg": "correlation 0.492 < 0.6"}
2026-09-04 20:43:56 check 4/6: {"status": "MISMATCH", "vid": "FxJJlOB7yUQ", "corr": 0.491, "luma": 131.5, "frozen": false, "msg": "correlation 0.491 < 0.6"}
2026-09-04 20:44:24 check 5/6: {"status": "MISMATCH", "vid": "FxJJlOB7yUQ", "corr": 0.492, "luma": 131.6, "frozen": false, "msg": "correlation 0.492 < 0.6"}
2026-09-04 20:44:49 check 6/6: {"status": "MISMATCH", "vid": "FxJJlOB7yUQ", "corr": 0.494, "luma": 131.6, "frozen": false, "msg": "correlation 0.494 < 0.6"}
2026-09-04 20:44:49 ACTION: restarting the streamer (sustained bad output on YouTube)
2026-09-04 20:46:16 check 1/6: {"status": "MISMATCH", "vid": "FxJJlOB7yUQ", "corr": 0.497, "luma": 131.7, "frozen": false, "msg": "correlation 0.497 < 0.6"}
2026-09-04 20:46:43 check 2/6: {"status": "MISMATCH", "vid": "FxJJlOB7yUQ", "corr": 0.547, "luma": 133.3, "frozen": false, "msg": "correlation 0.547 < 0.6"}
2026-09-04 20:47:07 check 3/6: {"status": "MISMATCH", "vid": "FxJJlOB7yUQ", "corr": 0.54, "luma": 132.9, "frozen": false, "msg": "correlation 0.540 < 0.6"}
2026-09-04 20:47:33 check 4/6: {"status": "MISMATCH", "vid": "FxJJlOB7yUQ", "corr": 0.485, "luma": 127.1, "frozen": false, "msg": "correlation 0.485 < 0.6"}
2026-09-04 20:48:00 check 5/6: {"status": "MISMATCH", "vid": "FxJJlOB7yUQ", "corr": 0.525, "luma": 127.7, "frozen": false, "msg": "correlation 0.525 < 0.6"}
2026-09-04 20:48:25 check 6/6: {"status": "MISMATCH", "vid": "FxJJlOB7yUQ", "corr": 0.541, "luma": 128.0, "frozen": false, "msg": "correlation 0.541 < 0.6"}
2026-09-04 20:48:25 ACTION: restarting the streamer (sustained bad output on YouTube)
2026-09-04 20:49:52 check 1/6: {"status": "MISMATCH", "vid": "FxJJlOB7yUQ", "corr": 0.519, "luma": 128.0, "frozen": false, "msg": "correlation 0.519 < 0.6"}
2026-09-04 20:50:18 check 2/6: {"status": "MISMATCH", "vid": "FxJJlOB7yUQ", "corr": 0.555, "luma": 131.9, "frozen": false, "msg": "correlation 0.555 < 0.6"}
2026-09-04 20:50:45 check 3/6: {"status": "MISMATCH", "vid": "FxJJlOB7yUQ", "corr": 0.557, "luma": 132.6, "frozen": false, "msg": "correlation 0.557 < 0.6"}
2026-09-04 20:51:10 check 4/6: {"status": "MISMATCH", "vid": "FxJJlOB7yUQ", "corr": 0.552, "luma": 133.4, "frozen": false, "msg": "correlation 0.552 < 0.6"}
2026-09-04 20:51:36 check 5/6: {"status": "MISMATCH", "vid": "FxJJlOB7yUQ", "corr": 0.532, "luma": 129.4, "frozen": false, "msg": "correlation 0.532 < 0.6"}
2026-09-04 20:52:04 check 6/6: {"status": "MISMATCH", "vid": "FxJJlOB7yUQ", "corr": 0.552, "luma": 131.5, "frozen": false, "msg": "correlation 0.552 < 0.6"}
2026-09-04 20:52:04 ACTION: restarting the streamer (sustained bad output on YouTube)
2026-09-04 20:53:30 check 1/6: {"status": "MISMATCH", "vid": "FxJJlOB7yUQ", "corr": 0.552, "luma": 132.9, "frozen": false, "msg": "correlation 0.552 < 0.6"}
2026-09-04 20:53:56 check 2/6: {"status": "MISMATCH", "vid": "FxJJlOB7yUQ", "corr": 0.549, "luma": 133.0, "frozen": false, "msg": "correlation 0.549 < 0.6"}
2026-09-04 20:54:26 check 3/6: {"status": "MISMATCH", "vid": "FxJJlOB7yUQ", "corr": 0.509, "luma": 129.9, "frozen": false, "msg": "correlation 0.509 < 0.6"}
2026-09-04 20:54:52 check 4/6: {"status": "MISMATCH", "vid": "FxJJlOB7yUQ", "corr": 0.553, "luma": 133.4, "frozen": false, "msg": "correlation 0.553 < 0.6"}
2026-09-04 20:55:17 check 5/6: {"status": "MISMATCH", "vid": "FxJJlOB7yUQ", "corr": 0.553, "luma": 133.5, "frozen": false, "msg": "correlation 0.553 < 0.6"}
2026-09-04 20:55:43 check 6/6: {"status": "MISMATCH", "vid": "FxJJlOB7yUQ", "corr": 0.554, "luma": 133.6, "frozen": false, "msg": "correlation 0.554 < 0.6"}
2026-09-04 20:55:43 ACTION: restarting the streamer (sustained bad output on YouTube)
2026-09-04 20:57:11 check 1/6: {"status": "MISMATCH", "vid": "FxJJlOB7yUQ", "corr": 0.599, "luma": 132.5, "frozen": false, "msg": "correlation 0.599 < 0.6"}
2026-09-04 20:57:40 recovered after 1 bad checks: {"status": "OK", "vid": "FxJJlOB7yUQ", "corr": 0.61, "luma": 132.3, "frozen": false, "msg": ""}
2026-09-04 20:58:36 check 1/6: {"status": "MISMATCH", "vid": "FxJJlOB7yUQ", "corr": 0.473, "luma": 126.7, "frozen": false, "msg": "correlation 0.473 < 0.6"}
2026-09-04 20:59:02 check 2/6: {"status": "MISMATCH", "vid": "FxJJlOB7yUQ", "corr": 0.499, "luma": 128.0, "frozen": false, "msg": "correlation 0.499 < 0.6"}
2026-09-04 20:59:31 check 3/6: {"status": "MISMATCH", "vid": "FxJJlOB7yUQ", "corr": 0.555, "luma": 127.3, "frozen": false, "msg": "correlation 0.555 < 0.6"}
2026-09-04 20:59:56 check 4/6: {"status": "MISMATCH", "vid": "FxJJlOB7yUQ", "corr": 0.537, "luma": 127.5, "frozen": false, "msg": "correlation 0.537 < 0.6"}
2026-09-04 21:00:23 check 5/6: {"status": "MISMATCH", "vid": "FxJJlOB7yUQ", "corr": 0.504, "luma": 128.5, "frozen": false, "msg": "correlation 0.504 < 0.6"}
2026-09-04 21:00:49 check 6/6: {"status": "MISMATCH", "vid": "FxJJlOB7yUQ", "corr": 0.529, "luma": 128.7, "frozen": false, "msg": "correlation 0.529 < 0.6"}
2026-09-04 21:00:49 ACTION: restarting the streamer (sustained bad output on YouTube)
2026-09-04 21:02:23 check 1/6: {"status": "MISMATCH", "vid": "FxJJlOB7yUQ", "corr": 0.569, "luma": 129.0, "frozen": false, "msg": "correlation 0.569 < 0.6"}
2026-09-04 21:02:50 check 2/6: {"status": "MISMATCH", "vid": "FxJJlOB7yUQ", "corr": 0.565, "luma": 130.1, "frozen": false, "msg": "correlation 0.565 < 0.6"}
2026-09-04 21:03:15 check 3/6: {"status": "MISMATCH", "vid": "FxJJlOB7yUQ", "corr": 0.581, "luma": 131.8, "frozen": false, "msg": "correlation 0.581 < 0.6"}
2026-09-04 21:03:41 check 4/6: {"status": "MISMATCH", "vid": "FxJJlOB7yUQ", "corr": 0.581, "luma": 131.6, "frozen": false, "msg": "correlation 0.581 < 0.6"}
2026-09-04 21:04:06 check 5/6: {"status": "MISMATCH", "vid": "FxJJlOB7yUQ", "corr": 0.58, "luma": 131.8, "frozen": false, "msg": "correlation 0.580 < 0.6"}
2026-09-04 21:04:31 check 6/6: {"status": "MISMATCH", "vid": "FxJJlOB7yUQ", "corr": 0.58, "luma": 131.8, "frozen": false, "msg": "correlation 0.580 < 0.6"}
2026-09-04 21:04:31 ACTION: restarting the streamer (sustained bad output on YouTube)
2026-09-04 21:05:59 check 1/6: {"status": "MISMATCH", "vid": "FxJJlOB7yUQ", "corr": 0.583, "luma": 131.8, "frozen": false, "msg": "correlation 0.583 < 0.6"}
2026-09-04 21:06:25 check 2/6: {"status": "MISMATCH", "vid": "FxJJlOB7yUQ", "corr": 0.548, "luma": 127.2, "frozen": false, "msg": "correlation 0.548 < 0.6"}
2026-09-04 21:06:50 check 3/6: {"status": "MISMATCH", "vid": "FxJJlOB7yUQ", "corr": 0.582, "luma": 130.9, "frozen": false, "msg": "correlation 0.582 < 0.6"}
2026-09-04 21:07:14 check 4/6: {"status": "MISMATCH", "vid": "FxJJlOB7yUQ", "corr": 0.582, "luma": 131.5, "frozen": false, "msg": "correlation 0.582 < 0.6"}
2026-09-04 21:07:42 check 5/6: {"status": "MISMATCH", "vid": "FxJJlOB7yUQ", "corr": 0.581, "luma": 131.5, "frozen": false, "msg": "correlation 0.581 < 0.6"}
2026-09-04 21:08:07 check 6/6: {"status": "MISMATCH", "vid": "FxJJlOB7yUQ", "corr": 0.581, "luma": 131.5, "frozen": false, "msg": "correlation 0.581 < 0.6"}
2026-09-04 21:08:07 ACTION: restarting the streamer (sustained bad output on YouTube)
2026-09-04 21:09:34 check 1/6: {"status": "MISMATCH", "vid": "FxJJlOB7yUQ", "corr": 0.581, "luma": 131.5, "frozen": false, "msg": "correlation 0.581 < 0.6"}
2026-09-04 21:09:58 check 2/6: {"status": "MISMATCH", "vid": "FxJJlOB7yUQ", "corr": 0.581, "luma": 131.5, "frozen": false, "msg": "correlation 0.581 < 0.6"}
2026-09-04 21:10:23 check 3/6: {"status": "MISMATCH", "vid": "FxJJlOB7yUQ", "corr": 0.581, "luma": 131.5, "frozen": false, "msg": "correlation 0.581 < 0.6"}
2026-09-04 21:10:49 check 4/6: {"status": "MISMATCH", "vid": "FxJJlOB7yUQ", "corr": 0.58, "luma": 131.5, "frozen": false, "msg": "correlation 0.580 < 0.6"}
2026-09-04 21:11:15 check 5/6: {"status": "MISMATCH", "vid": "FxJJlOB7yUQ", "corr": 0.58, "luma": 131.5, "frozen": false, "msg": "correlation 0.580 < 0.6"}
2026-09-04 21:11:43 check 6/6: {"status": "MISMATCH", "vid": "FxJJlOB7yUQ", "corr": 0.566, "luma": 128.4, "frozen": false, "msg": "correlation 0.566 < 0.6"}
2026-09-04 21:11:43 ACTION: restarting the streamer (sustained bad output on YouTube)
2026-09-04 21:13:09 check 1/6: {"status": "MISMATCH", "vid": "FxJJlOB7yUQ", "corr": 0.475, "luma": 125.7, "frozen": false, "msg": "correlation 0.475 < 0.6"}
2026-09-04 21:13:40 check 2/6: {"status": "MISMATCH", "vid": "FxJJlOB7yUQ", "corr": 0.528, "luma": 127.8, "frozen": false, "msg": "correlation 0.528 < 0.6"}
2026-09-04 21:14:05 check 3/6: {"status": "MISMATCH", "vid": "FxJJlOB7yUQ", "corr": 0.584, "luma": 131.5, "frozen": false, "msg": "correlation 0.584 < 0.6"}
2026-09-04 21:14:29 check 4/6: {"status": "MISMATCH", "vid": "FxJJlOB7yUQ", "corr": 0.582, "luma": 132.2, "frozen": false, "msg": "correlation 0.582 < 0.6"}
2026-09-04 21:14:57 check 5/6: {"status": "MISMATCH", "vid": "FxJJlOB7yUQ", "corr": 0.582, "luma": 131.5, "frozen": false, "msg": "correlation 0.582 < 0.6"}
2026-09-04 21:15:23 check 6/6: {"status": "MISMATCH", "vid": "FxJJlOB7yUQ", "corr": 0.584, "luma": 131.5, "frozen": false, "msg": "correlation 0.584 < 0.6"}
2026-09-04 21:15:23 ACTION: restarting the streamer (sustained bad output on YouTube)
2026-09-04 21:16:51 check 1/6: {"status": "MISMATCH", "vid": "FxJJlOB7yUQ", "corr": 0.561, "luma": 128.2, "frozen": false, "msg": "correlation 0.561 < 0.6"}
2026-09-04 21:17:17 check 2/6: {"status": "MISMATCH", "vid": "FxJJlOB7yUQ", "corr": 0.586, "luma": 127.5, "frozen": false, "msg": "correlation 0.586 < 0.6"}
2026-09-04 21:17:43 check 3/6: {"status": "MISMATCH", "vid": "FxJJlOB7yUQ", "corr": 0.592, "luma": 129.1, "frozen": false, "msg": "correlation 0.592 < 0.6"}
2026-09-04 21:18:09 check 4/6: {"status": "MISMATCH", "vid": "FxJJlOB7yUQ", "corr": 0.577, "luma": 128.5, "frozen": false, "msg": "correlation 0.577 < 0.6"}
2026-09-04 21:18:35 recovered after 4 bad checks: {"status": "OK", "vid": "FxJJlOB7yUQ", "corr": 0.6, "luma": 131.6, "frozen": false, "msg": ""}
2026-09-04 21:18:59 check 1/6: {"status": "MISMATCH", "vid": "FxJJlOB7yUQ", "corr": 0.599, "luma": 131.5, "frozen": false, "msg": "correlation 0.599 < 0.6"}
2026-09-04 21:19:31 check 2/6: {"status": "MISMATCH", "vid": "FxJJlOB7yUQ", "corr": 0.6, "luma": 131.6, "frozen": false, "msg": "correlation 0.600 < 0.6"}
2026-09-04 21:19:57 check 3/6: {"status": "MISMATCH", "vid": "FxJJlOB7yUQ", "corr": 0.599, "luma": 131.6, "frozen": false, "msg": "correlation 0.599 < 0.6"}
2026-09-04 21:20:23 check 4/6: {"status": "MISMATCH", "vid": "FxJJlOB7yUQ", "corr": 0.599, "luma": 131.7, "frozen": false, "msg": "correlation 0.599 < 0.6"}
2026-09-04 21:20:48 check 5/6: {"status": "MISMATCH", "vid": "FxJJlOB7yUQ", "corr": 0.599, "luma": 131.5, "frozen": false, "msg": "correlation 0.599 < 0.6"}
2026-09-04 21:21:13 check 6/6: {"status": "MISMATCH", "vid": "FxJJlOB7yUQ", "corr": 0.599, "luma": 131.7, "frozen": false, "msg": "correlation 0.599 < 0.6"}
2026-09-04 21:21:13 ACTION: restarting the streamer (sustained bad output on YouTube)
2026-09-04 21:22:44 check 1/6: {"status": "MISMATCH", "vid": "FxJJlOB7yUQ", "corr": 0.599, "luma": 131.6, "frozen": false, "msg": "correlation 0.599 < 0.6"}
2026-09-04 21:23:08 check 2/6: {"status": "MISMATCH", "vid": "FxJJlOB7yUQ", "corr": 0.598, "luma": 131.5, "frozen": false, "msg": "correlation 0.598 < 0.6"}
2026-09-04 21:23:33 check 3/6: {"status": "MISMATCH", "vid": "FxJJlOB7yUQ", "corr": 0.599, "luma": 131.5, "frozen": false, "msg": "correlation 0.599 < 0.6"}
2026-09-04 21:23:57 check 4/6: {"status": "MISMATCH", "vid": "FxJJlOB7yUQ", "corr": 0.598, "luma": 131.4, "frozen": false, "msg": "correlation 0.598 < 0.6"}
2026-09-04 21:24:22 check 5/6: {"status": "MISMATCH", "vid": "FxJJlOB7yUQ", "corr": 0.6, "luma": 131.5, "frozen": false, "msg": "correlation 0.600 < 0.6"}
2026-09-04 21:24:52 recovered after 5 bad checks: {"status": "OK", "vid": "FxJJlOB7yUQ", "corr": 0.6, "luma": 131.4, "frozen": false, "msg": ""}
2026-09-04 21:25:42 check 1/6: {"status": "MISMATCH", "vid": "FxJJlOB7yUQ", "corr": 0.6, "luma": 131.4, "frozen": false, "msg": "correlation 0.600 < 0.6"}
2026-09-04 21:26:09 recovered after 1 bad checks: {"status": "OK", "vid": "FxJJlOB7yUQ", "corr": 0.6, "luma": 131.4, "frozen": false, "msg": ""}
2026-09-04 21:27:01 check 1/6: {"status": "MISMATCH", "vid": "FxJJlOB7yUQ", "corr": 0.6, "luma": 131.7, "frozen": false, "msg": "correlation 0.600 < 0.6"}
2026-09-04 21:27:27 check 2/6: {"status": "MISMATCH", "vid": "FxJJlOB7yUQ", "corr": 0.6, "luma": 131.6, "frozen": false, "msg": "correlation 0.600 < 0.6"}
2026-09-04 21:27:52 recovered after 2 bad checks: {"status": "OK", "vid": "FxJJlOB7yUQ", "corr": 0.6, "luma": 131.8, "frozen": false, "msg": ""}
2026-09-04 21:28:42 check 1/6: {"status": "MISMATCH", "vid": "FxJJlOB7yUQ", "corr": 0.596, "luma": 131.2, "frozen": false, "msg": "correlation 0.596 < 0.6"}
2026-09-04 21:29:06 check 2/6: {"status": "MISMATCH", "vid": "FxJJlOB7yUQ", "corr": 0.596, "luma": 131.1, "frozen": false, "msg": "correlation 0.596 < 0.6"}
2026-09-04 21:29:30 check 3/6: {"status": "MISMATCH", "vid": "FxJJlOB7yUQ", "corr": 0.597, "luma": 131.1, "frozen": false, "msg": "correlation 0.597 < 0.6"}
2026-09-04 21:29:53 check 4/6: {"status": "MISMATCH", "vid": "FxJJlOB7yUQ", "corr": 0.597, "luma": 131.1, "frozen": false, "msg": "correlation 0.597 < 0.6"}
2026-09-04 21:30:18 check 5/6: {"status": "MISMATCH", "vid": "FxJJlOB7yUQ", "corr": 0.596, "luma": 131.2, "frozen": false, "msg": "correlation 0.596 < 0.6"}
2026-09-04 21:30:42 check 6/6: {"status": "MISMATCH", "vid": "FxJJlOB7yUQ", "corr": 0.595, "luma": 131.2, "frozen": false, "msg": "correlation 0.595 < 0.6"}
2026-09-04 21:30:42 ACTION: restarting the streamer (sustained bad output on YouTube)
2026-09-04 21:32:07 check 1/6: {"status": "MISMATCH", "vid": "FxJJlOB7yUQ", "corr": 0.558, "luma": 128.8, "frozen": false, "msg": "correlation 0.558 < 0.6"}
2026-09-04 21:32:38 check 2/6: {"status": "MISMATCH", "vid": "FxJJlOB7yUQ", "corr": 0.595, "luma": 132.2, "frozen": false, "msg": "correlation 0.595 < 0.6"}
2026-09-04 21:33:02 check 3/6: {"status": "MISMATCH", "vid": "FxJJlOB7yUQ", "corr": 0.593, "luma": 132.4, "frozen": false, "msg": "correlation 0.593 < 0.6"}
2026-09-04 21:33:27 check 4/6: {"status": "MISMATCH", "vid": "FxJJlOB7yUQ", "corr": 0.595, "luma": 132.3, "frozen": false, "msg": "correlation 0.595 < 0.6"}
2026-09-04 21:33:52 check 5/6: {"status": "MISMATCH", "vid": "FxJJlOB7yUQ", "corr": 0.594, "luma": 132.4, "frozen": false, "msg": "correlation 0.594 < 0.6"}
2026-09-04 21:34:17 check 6/6: {"status": "MISMATCH", "vid": "FxJJlOB7yUQ", "corr": 0.593, "luma": 132.4, "frozen": false, "msg": "correlation 0.593 < 0.6"}
2026-09-04 21:34:17 ACTION: restarting the streamer (sustained bad output on YouTube)
2026-09-04 21:35:42 check 1/6: {"status": "MISMATCH", "vid": "FxJJlOB7yUQ", "corr": 0.593, "luma": 132.3, "frozen": false, "msg": "correlation 0.593 < 0.6"}
2026-09-04 21:36:08 check 2/6: {"status": "MISMATCH", "vid": "FxJJlOB7yUQ", "corr": 0.594, "luma": 132.3, "frozen": false, "msg": "correlation 0.594 < 0.6"}
2026-09-04 21:36:32 check 3/6: {"status": "MISMATCH", "vid": "FxJJlOB7yUQ", "corr": 0.594, "luma": 132.4, "frozen": false, "msg": "correlation 0.594 < 0.6"}
2026-09-04 21:36:56 check 4/6: {"status": "MISMATCH", "vid": "FxJJlOB7yUQ", "corr": 0.593, "luma": 132.3, "frozen": false, "msg": "correlation 0.593 < 0.6"}
2026-09-04 21:37:19 check 5/6: {"status": "MISMATCH", "vid": "FxJJlOB7yUQ", "corr": 0.593, "luma": 132.3, "frozen": false, "msg": "correlation 0.593 < 0.6"}
2026-09-04 21:37:43 check 6/6: {"status": "MISMATCH", "vid": "FxJJlOB7yUQ", "corr": 0.594, "luma": 132.4, "frozen": false, "msg": "correlation 0.594 < 0.6"}
2026-09-04 21:37:43 ACTION: restarting the streamer (sustained bad output on YouTube)
2026-09-04 21:39:08 check 1/6: {"status": "MISMATCH", "vid": "FxJJlOB7yUQ", "corr": 0.594, "luma": 132.3, "frozen": false, "msg": "correlation 0.594 < 0.6"}
2026-09-04 21:39:32 check 2/6: {"status": "MISMATCH", "vid": "FxJJlOB7yUQ", "corr": 0.593, "luma": 132.3, "frozen": false, "msg": "correlation 0.593 < 0.6"}
2026-09-04 21:39:57 check 3/6: {"status": "MISMATCH", "vid": "FxJJlOB7yUQ", "corr": 0.593, "luma": 132.4, "frozen": false, "msg": "correlation 0.593 < 0.6"}
2026-09-04 21:40:21 check 4/6: {"status": "MISMATCH", "vid": "FxJJlOB7yUQ", "corr": 0.593, "luma": 132.3, "frozen": false, "msg": "correlation 0.593 < 0.6"}
2026-09-04 21:40:47 check 5/6: {"status": "MISMATCH", "vid": "FxJJlOB7yUQ", "corr": 0.593, "luma": 132.4, "frozen": false, "msg": "correlation 0.593 < 0.6"}
2026-09-04 21:41:12 check 6/6: {"status": "MISMATCH", "vid": "FxJJlOB7yUQ", "corr": 0.593, "luma": 132.4, "frozen": false, "msg": "correlation 0.593 < 0.6"}
2026-09-04 21:41:12 ACTION: restarting the streamer (sustained bad output on YouTube)
2026-09-04 21:42:37 check 1/6: {"status": "MISMATCH", "vid": "FxJJlOB7yUQ", "corr": 0.595, "luma": 132.5, "frozen": false, "msg": "correlation 0.595 < 0.6"}
2026-09-04 21:43:01 check 2/6: {"status": "MISMATCH", "vid": "FxJJlOB7yUQ", "corr": 0.595, "luma": 132.4, "frozen": false, "msg": "correlation 0.595 < 0.6"}
2026-09-04 21:43:25 check 3/6: {"status": "MISMATCH", "vid": "FxJJlOB7yUQ", "corr": 0.595, "luma": 132.4, "frozen": false, "msg": "correlation 0.595 < 0.6"}
2026-09-04 21:43:48 check 4/6: {"status": "MISMATCH", "vid": "FxJJlOB7yUQ", "corr": 0.595, "luma": 132.4, "frozen": false, "msg": "correlation 0.595 < 0.6"}
2026-09-04 21:44:13 check 5/6: {"status": "MISMATCH", "vid": "FxJJlOB7yUQ", "corr": 0.595, "luma": 132.5, "frozen": false, "msg": "correlation 0.595 < 0.6"}
2026-09-04 21:44:36 check 6/6: {"status": "MISMATCH", "vid": "FxJJlOB7yUQ", "corr": 0.595, "luma": 132.5, "frozen": false, "msg": "correlation 0.595 < 0.6"}
2026-09-04 21:44:36 ACTION: restarting the streamer (sustained bad output on YouTube)
2026-09-04 21:46:04 check 1/6: {"status": "MISMATCH", "vid": "FxJJlOB7yUQ", "corr": 0.595, "luma": 132.5, "frozen": false, "msg": "correlation 0.595 < 0.6"}
2026-09-04 21:46:28 check 2/6: {"status": "MISMATCH", "vid": "FxJJlOB7yUQ", "corr": 0.596, "luma": 132.5, "frozen": false, "msg": "correlation 0.596 < 0.6"}
2026-09-04 21:46:52 check 3/6: {"status": "MISMATCH", "vid": "FxJJlOB7yUQ", "corr": 0.595, "luma": 132.4, "frozen": false, "msg": "correlation 0.595 < 0.6"}
2026-09-04 21:47:16 check 4/6: {"status": "MISMATCH", "vid": "FxJJlOB7yUQ", "corr": 0.596, "luma": 132.5, "frozen": false, "msg": "correlation 0.596 < 0.6"}
2026-09-04 21:47:40 check 5/6: {"status": "MISMATCH", "vid": "FxJJlOB7yUQ", "corr": 0.595, "luma": 132.5, "frozen": false, "msg": "correlation 0.595 < 0.6"}
2026-09-04 21:48:05 check 6/6: {"status": "MISMATCH", "vid": "FxJJlOB7yUQ", "corr": 0.596, "luma": 132.5, "frozen": false, "msg": "correlation 0.596 < 0.6"}
2026-09-04 21:48:05 ACTION: restarting the streamer (sustained bad output on YouTube)
2026-09-04 21:49:32 check 1/6: {"status": "MISMATCH", "vid": "FxJJlOB7yUQ", "corr": 0.595, "luma": 132.4, "frozen": false, "msg": "correlation 0.595 < 0.6"}
2026-09-04 21:49:56 check 2/6: {"status": "MISMATCH", "vid": "FxJJlOB7yUQ", "corr": 0.595, "luma": 132.5, "frozen": false, "msg": "correlation 0.595 < 0.6"}
2026-09-04 21:50:19 check 3/6: {"status": "MISMATCH", "vid": "FxJJlOB7yUQ", "corr": 0.595, "luma": 132.4, "frozen": false, "msg": "correlation 0.595 < 0.6"}
2026-09-04 21:50:43 check 4/6: {"status": "MISMATCH", "vid": "FxJJlOB7yUQ", "corr": 0.596, "luma": 132.5, "frozen": false, "msg": "correlation 0.596 < 0.6"}
2026-09-04 21:51:07 check 5/6: {"status": "MISMATCH", "vid": "FxJJlOB7yUQ", "corr": 0.595, "luma": 132.4, "frozen": false, "msg": "correlation 0.595 < 0.6"}
2026-09-04 21:51:30 check 6/6: {"status": "MISMATCH", "vid": "FxJJlOB7yUQ", "corr": 0.595, "luma": 132.4, "frozen": false, "msg": "correlation 0.595 < 0.6"}
2026-09-04 21:51:30 ACTION: restarting the streamer (sustained bad output on YouTube)
2026-09-04 21:52:55 check 1/6: {"status": "MISMATCH", "vid": "FxJJlOB7yUQ", "corr": 0.596, "luma": 132.4, "frozen": false, "msg": "correlation 0.596 < 0.6"}
2026-09-04 21:53:18 check 2/6: {"status": "MISMATCH", "vid": "FxJJlOB7yUQ", "corr": 0.596, "luma": 132.4, "frozen": false, "msg": "correlation 0.596 < 0.6"}
2026-09-04 21:53:42 check 3/6: {"status": "MISMATCH", "vid": "FxJJlOB7yUQ", "corr": 0.596, "luma": 132.4, "frozen": false, "msg": "correlation 0.596 < 0.6"}
2026-09-04 21:54:05 check 4/6: {"status": "MISMATCH", "vid": "FxJJlOB7yUQ", "corr": 0.595, "luma": 132.4, "frozen": false, "msg": "correlation 0.595 < 0.6"}
2026-09-04 21:54:29 check 5/6: {"status": "MISMATCH", "vid": "FxJJlOB7yUQ", "corr": 0.596, "luma": 132.4, "frozen": false, "msg": "correlation 0.596 < 0.6"}
2026-09-04 21:54:52 check 6/6: {"status": "MISMATCH", "vid": "FxJJlOB7yUQ", "corr": 0.595, "luma": 132.4, "frozen": false, "msg": "correlation 0.595 < 0.6"}
2026-09-04 21:54:52 ACTION: restarting the streamer (sustained bad output on YouTube)
2026-09-04 21:56:17 check 1/6: {"status": "MISMATCH", "vid": "FxJJlOB7yUQ", "corr": 0.596, "luma": 132.4, "frozen": false, "msg": "correlation 0.596 < 0.6"}
2026-09-04 21:56:42 check 2/6: {"status": "MISMATCH", "vid": "FxJJlOB7yUQ", "corr": 0.595, "luma": 132.4, "frozen": false, "msg": "correlation 0.595 < 0.6"}
2026-09-04 21:57:07 check 3/6: {"status": "MISMATCH", "vid": "FxJJlOB7yUQ", "corr": 0.595, "luma": 132.4, "frozen": false, "msg": "correlation 0.595 < 0.6"}
2026-09-04 21:57:31 check 4/6: {"status": "MISMATCH", "vid": "FxJJlOB7yUQ", "corr": 0.596, "luma": 132.5, "frozen": false, "msg": "correlation 0.596 < 0.6"}
2026-09-04 21:57:56 check 5/6: {"status": "MISMATCH", "vid": "FxJJlOB7yUQ", "corr": 0.595, "luma": 132.5, "frozen": false, "msg": "correlation 0.595 < 0.6"}
2026-09-04 21:58:20 check 6/6: {"status": "MISMATCH", "vid": "FxJJlOB7yUQ", "corr": 0.596, "luma": 132.4, "frozen": false, "msg": "correlation 0.596 < 0.6"}
2026-09-04 21:58:20 ACTION: restarting the streamer (sustained bad output on YouTube)
2026-09-04 21:59:46 check 1/6: {"status": "MISMATCH", "vid": "FxJJlOB7yUQ", "corr": 0.596, "luma": 132.4, "frozen": false, "msg": "correlation 0.596 < 0.6"}
2026-09-04 22:00:10 check 2/6: {"status": "MISMATCH", "vid": "FxJJlOB7yUQ", "corr": 0.596, "luma": 132.4, "frozen": false, "msg": "correlation 0.596 < 0.6"}
2026-09-04 22:00:35 check 3/6: {"status": "MISMATCH", "vid": "FxJJlOB7yUQ", "corr": 0.596, "luma": 132.4, "frozen": false, "msg": "correlation 0.596 < 0.6"}
2026-09-04 22:00:59 check 4/6: {"status": "MISMATCH", "vid": "FxJJlOB7yUQ", "corr": 0.596, "luma": 132.4, "frozen": false, "msg": "correlation 0.596 < 0.6"}
2026-09-04 22:01:24 check 5/6: {"status": "MISMATCH", "vid": "FxJJlOB7yUQ", "corr": 0.596, "luma": 132.5, "frozen": false, "msg": "correlation 0.596 < 0.6"}
2026-09-04 22:01:50 check 6/6: {"status": "MISMATCH", "vid": "FxJJlOB7yUQ", "corr": 0.595, "luma": 132.4, "frozen": false, "msg": "correlation 0.595 < 0.6"}
2026-09-04 22:01:50 ACTION: restarting the streamer (sustained bad output on YouTube)
2026-09-04 22:03:22 check 1/6: {"status": "MISMATCH", "vid": "FxJJlOB7yUQ", "corr": 0.596, "luma": 132.5, "frozen": false, "msg": "correlation 0.596 < 0.6"}
2026-09-04 22:03:47 check 2/6: {"status": "MISMATCH", "vid": "FxJJlOB7yUQ", "corr": 0.595, "luma": 132.4, "frozen": false, "msg": "correlation 0.595 < 0.6"}
2026-09-04 22:04:11 check 3/6: {"status": "MISMATCH", "vid": "FxJJlOB7yUQ", "corr": 0.596, "luma": 132.5, "frozen": false, "msg": "correlation 0.596 < 0.6"}
2026-09-04 22:04:35 check 4/6: {"status": "MISMATCH", "vid": "FxJJlOB7yUQ", "corr": 0.595, "luma": 132.5, "frozen": false, "msg": "correlation 0.595 < 0.6"}
2026-09-04 22:05:07 check 5/6: {"status": "MISMATCH", "vid": "FxJJlOB7yUQ", "corr": 0.596, "luma": 132.5, "frozen": false, "msg": "correlation 0.596 < 0.6"}
2026-09-04 22:05:34 check 6/6: {"status": "MISMATCH", "vid": "FxJJlOB7yUQ", "corr": 0.596, "luma": 132.4, "frozen": false, "msg": "correlation 0.596 < 0.6"}
2026-09-04 22:05:34 ACTION: restarting the streamer (sustained bad output on YouTube)
2026-09-04 22:06:59 check 1/6: {"status": "MISMATCH", "vid": "FxJJlOB7yUQ", "corr": 0.596, "luma": 132.4, "frozen": false, "msg": "correlation 0.596 < 0.6"}
2026-09-04 22:07:24 check 2/6: {"status": "MISMATCH", "vid": "FxJJlOB7yUQ", "corr": 0.595, "luma": 132.4, "frozen": false, "msg": "correlation 0.595 < 0.6"}
2026-09-04 22:07:47 recovered after 2 bad checks: {"status": "OK", "vid": "FxJJlOB7yUQ", "corr": 0.601, "luma": 132.0, "frozen": false, "msg": ""}
2026-09-04 22:08:12 check 1/6: {"status": "MISMATCH", "vid": "FxJJlOB7yUQ", "corr": 0.597, "luma": 132.4, "frozen": false, "msg": "correlation 0.597 < 0.6"}
2026-09-04 22:08:38 check 2/6: {"status": "MISMATCH", "vid": "FxJJlOB7yUQ", "corr": 0.597, "luma": 132.4, "frozen": false, "msg": "correlation 0.597 < 0.6"}
2026-09-04 22:09:02 check 3/6: {"status": "MISMATCH", "vid": "FxJJlOB7yUQ", "corr": 0.597, "luma": 132.3, "frozen": false, "msg": "correlation 0.597 < 0.6"}
2026-09-04 22:09:27 check 4/6: {"status": "MISMATCH", "vid": "FxJJlOB7yUQ", "corr": 0.594, "luma": 132.4, "frozen": false, "msg": "correlation 0.594 < 0.6"}
2026-09-04 22:09:51 check 5/6: {"status": "MISMATCH", "vid": "FxJJlOB7yUQ", "corr": 0.594, "luma": 132.4, "frozen": false, "msg": "correlation 0.594 < 0.6"}
2026-09-04 22:10:16 check 6/6: {"status": "MISMATCH", "vid": "FxJJlOB7yUQ", "corr": 0.594, "luma": 132.4, "frozen": false, "msg": "correlation 0.594 < 0.6"}
2026-09-04 22:10:16 ACTION: restarting the streamer (sustained bad output on YouTube)
2026-09-04 22:11:40 check 1/6: {"status": "MISMATCH", "vid": "FxJJlOB7yUQ", "corr": 0.594, "luma": 132.4, "frozen": false, "msg": "correlation 0.594 < 0.6"}
2026-09-04 22:12:03 check 2/6: {"status": "MISMATCH", "vid": "FxJJlOB7yUQ", "corr": 0.594, "luma": 132.4, "frozen": false, "msg": "correlation 0.594 < 0.6"}
2026-09-04 22:12:27 check 3/6: {"status": "MISMATCH", "vid": "FxJJlOB7yUQ", "corr": 0.594, "luma": 132.4, "frozen": false, "msg": "correlation 0.594 < 0.6"}
2026-09-04 22:12:51 check 4/6: {"status": "MISMATCH", "vid": "FxJJlOB7yUQ", "corr": 0.594, "luma": 132.4, "frozen": false, "msg": "correlation 0.594 < 0.6"}
2026-09-04 22:13:15 check 5/6: {"status": "MISMATCH", "vid": "FxJJlOB7yUQ", "corr": 0.594, "luma": 132.4, "frozen": false, "msg": "correlation 0.594 < 0.6"}
2026-09-04 22:13:39 check 6/6: {"status": "MISMATCH", "vid": "FxJJlOB7yUQ", "corr": 0.593, "luma": 132.2, "frozen": false, "msg": "correlation 0.593 < 0.6"}
2026-09-04 22:13:39 ACTION: restarting the streamer (sustained bad output on YouTube)
2026-09-04 22:15:06 check 1/6: {"status": "MISMATCH", "vid": "FxJJlOB7yUQ", "corr": 0.594, "luma": 132.4, "frozen": false, "msg": "correlation 0.594 < 0.6"}
2026-09-04 22:15:30 check 2/6: {"status": "MISMATCH", "vid": "FxJJlOB7yUQ", "corr": 0.594, "luma": 132.4, "frozen": false, "msg": "correlation 0.594 < 0.6"}
2026-09-04 22:15:55 check 3/6: {"status": "MISMATCH", "vid": "FxJJlOB7yUQ", "corr": 0.592, "luma": 132.4, "frozen": false, "msg": "correlation 0.592 < 0.6"}
2026-09-04 22:16:20 check 4/6: {"status": "MISMATCH", "vid": "FxJJlOB7yUQ", "corr": 0.594, "luma": 132.5, "frozen": false, "msg": "correlation 0.594 < 0.6"}
2026-09-04 22:16:44 check 5/6: {"status": "MISMATCH", "vid": "FxJJlOB7yUQ", "corr": 0.594, "luma": 132.4, "frozen": false, "msg": "correlation 0.594 < 0.6"}
2026-09-04 22:17:08 check 6/6: {"status": "MISMATCH", "vid": "FxJJlOB7yUQ", "corr": 0.594, "luma": 132.4, "frozen": false, "msg": "correlation 0.594 < 0.6"}
2026-09-04 22:17:08 ACTION: restarting the streamer (sustained bad output on YouTube)
2026-09-04 22:18:33 check 1/6: {"status": "MISMATCH", "vid": "FxJJlOB7yUQ", "corr": 0.587, "luma": 131.2, "frozen": false, "msg": "correlation 0.587 < 0.6"}
2026-09-04 22:18:57 check 2/6: {"status": "MISMATCH", "vid": "FxJJlOB7yUQ", "corr": 0.595, "luma": 132.6, "frozen": false, "msg": "correlation 0.595 < 0.6"}
2026-09-04 22:19:21 check 3/6: {"status": "MISMATCH", "vid": "FxJJlOB7yUQ", "corr": 0.579, "luma": 130.7, "frozen": false, "msg": "correlation 0.579 < 0.6"}
2026-09-04 22:19:46 check 4/6: {"status": "MISMATCH", "vid": "FxJJlOB7yUQ", "corr": 0.575, "luma": 130.8, "frozen": false, "msg": "correlation 0.575 < 0.6"}
2026-09-04 22:20:10 check 5/6: {"status": "MISMATCH", "vid": "FxJJlOB7yUQ", "corr": 0.579, "luma": 130.6, "frozen": false, "msg": "correlation 0.579 < 0.6"}
2026-09-04 22:20:34 check 6/6: {"status": "MISMATCH", "vid": "FxJJlOB7yUQ", "corr": 0.582, "luma": 131.2, "frozen": false, "msg": "correlation 0.582 < 0.6"}
2026-09-04 22:20:34 ACTION: restarting the streamer (sustained bad output on YouTube)
2026-09-04 22:47:43 check 1/6: {"status": "MISMATCH", "vid": "FxJJlOB7yUQ", "corr": 0.593, "luma": 131.5, "frozen": false, "msg": "correlation 0.593 < 0.6"}
2026-09-04 22:48:08 recovered after 1 bad checks: {"status": "OK", "vid": "FxJJlOB7yUQ", "corr": 0.609, "luma": 133.5, "frozen": false, "msg": ""}
2026-09-04 22:53:41 check 1/6: {"status": "MISMATCH", "vid": "FxJJlOB7yUQ", "corr": 0.471, "luma": 128.6, "frozen": false, "msg": "correlation 0.471 < 0.6"}
2026-09-04 22:54:06 check 2/6: {"status": "MISMATCH", "vid": "FxJJlOB7yUQ", "corr": 0.537, "luma": 131.7, "frozen": false, "msg": "correlation 0.537 < 0.6"}
2026-09-04 22:54:33 check 3/6: {"status": "MISMATCH", "vid": "FxJJlOB7yUQ", "corr": 0.553, "luma": 132.7, "frozen": false, "msg": "correlation 0.553 < 0.6"}
2026-09-04 22:54:58 check 4/6: {"status": "MISMATCH", "vid": "FxJJlOB7yUQ", "corr": 0.493, "luma": 131.1, "frozen": false, "msg": "correlation 0.493 < 0.6"}
2026-09-04 22:55:24 recovered after 4 bad checks: {"status": "OK", "vid": "FxJJlOB7yUQ", "corr": 0.606, "luma": 132.0, "frozen": false, "msg": ""}
2026-09-04 22:55:50 check 1/6: {"status": "MISMATCH", "vid": "FxJJlOB7yUQ", "corr": 0.505, "luma": 126.4, "frozen": false, "msg": "correlation 0.505 < 0.6"}
2026-09-04 22:56:17 check 2/6: {"status": "MISMATCH", "vid": "FxJJlOB7yUQ", "corr": 0.589, "luma": 130.5, "frozen": false, "msg": "correlation 0.589 < 0.6"}
2026-09-04 22:56:42 check 3/6: {"status": "MISMATCH", "vid": "FxJJlOB7yUQ", "corr": 0.581, "luma": 129.6, "frozen": false, "msg": "correlation 0.581 < 0.6"}
2026-09-04 22:57:08 check 4/6: {"status": "MISMATCH", "vid": "FxJJlOB7yUQ", "corr": 0.546, "luma": 127.8, "frozen": false, "msg": "correlation 0.546 < 0.6"}
2026-09-04 22:57:34 check 5/6: {"status": "MISMATCH", "vid": "FxJJlOB7yUQ", "corr": 0.565, "luma": 130.7, "frozen": false, "msg": "correlation 0.565 < 0.6"}
2026-09-04 22:58:01 check 6/6: {"status": "MISMATCH", "vid": "FxJJlOB7yUQ", "corr": 0.566, "luma": 127.1, "frozen": false, "msg": "correlation 0.566 < 0.6"}
2026-09-04 22:58:01 ACTION: restarting the streamer (sustained bad output on YouTube)
2026-09-04 22:59:28 check 1/6: {"status": "MISMATCH", "vid": "FxJJlOB7yUQ", "corr": 0.584, "luma": 131.7, "frozen": false, "msg": "correlation 0.584 < 0.6"}
2026-09-04 22:59:55 recovered after 1 bad checks: {"status": "OK", "vid": "FxJJlOB7yUQ", "corr": 0.615, "luma": 134.5, "frozen": false, "msg": ""}
2026-09-04 23:23:42 check 1/6: {"status": "MISMATCH", "vid": "FxJJlOB7yUQ", "corr": 0.596, "luma": 132.0, "frozen": false, "msg": "correlation 0.596 < 0.6"}
2026-09-04 23:24:08 recovered after 1 bad checks: {"status": "OK", "vid": "FxJJlOB7yUQ", "corr": 0.611, "luma": 133.9, "frozen": false, "msg": ""}
2026-09-04 23:25:01 check 1/6: {"status": "MISMATCH", "vid": "FxJJlOB7yUQ", "corr": 0.56, "luma": 130.9, "frozen": false, "msg": "correlation 0.560 < 0.6"}
2026-09-04 23:25:27 recovered after 1 bad checks: {"status": "OK", "vid": "FxJJlOB7yUQ", "corr": 0.601, "luma": 131.5, "frozen": false, "msg": ""}
2026-09-04 23:25:53 check 1/6: {"status": "MISMATCH", "vid": "FxJJlOB7yUQ", "corr": 0.586, "luma": 131.1, "frozen": false, "msg": "correlation 0.586 < 0.6"}
2026-09-04 23:26:21 check 2/6: {"status": "MISMATCH", "vid": "FxJJlOB7yUQ", "corr": 0.595, "luma": 131.0, "frozen": false, "msg": "correlation 0.595 < 0.6"}
2026-09-04 23:26:47 check 3/6: {"status": "MISMATCH", "vid": "FxJJlOB7yUQ", "corr": 0.587, "luma": 130.6, "frozen": false, "msg": "correlation 0.587 < 0.6"}
2026-09-04 23:27:12 recovered after 3 bad checks: {"status": "OK", "vid": "FxJJlOB7yUQ", "corr": 0.602, "luma": 132.7, "frozen": false, "msg": ""}
2026-09-04 23:28:29 check 1/6: {"status": "MISMATCH", "vid": "FxJJlOB7yUQ", "corr": 0.599, "luma": 131.9, "frozen": false, "msg": "correlation 0.599 < 0.6"}
2026-09-04 23:28:53 check 2/6: {"status": "MISMATCH", "vid": "FxJJlOB7yUQ", "corr": 0.585, "luma": 131.7, "frozen": false, "msg": "correlation 0.585 < 0.6"}
2026-09-04 23:29:18 check 3/6: {"status": "MISMATCH", "vid": "FxJJlOB7yUQ", "corr": 0.586, "luma": 131.8, "frozen": false, "msg": "correlation 0.586 < 0.6"}
2026-09-04 23:29:42 check 4/6: {"status": "MISMATCH", "vid": "FxJJlOB7yUQ", "corr": 0.597, "luma": 132.5, "frozen": false, "msg": "correlation 0.597 < 0.6"}
2026-09-04 23:30:06 check 5/6: {"status": "MISMATCH", "vid": "FxJJlOB7yUQ", "corr": 0.565, "luma": 130.1, "frozen": false, "msg": "correlation 0.565 < 0.6"}
2026-09-04 23:30:30 recovered after 5 bad checks: {"status": "OK", "vid": "FxJJlOB7yUQ", "corr": 0.615, "luma": 134.9, "frozen": false, "msg": ""}
2026-09-04 23:30:54 check 1/6: {"status": "MISMATCH", "vid": "FxJJlOB7yUQ", "corr": 0.462, "luma": 127.1, "frozen": false, "msg": "correlation 0.462 < 0.6"}
2026-09-04 23:31:20 check 2/6: {"status": "MISMATCH", "vid": "FxJJlOB7yUQ", "corr": 0.41, "luma": 123.8, "frozen": false, "msg": "correlation 0.410 < 0.6"}
2026-09-04 23:31:43 check 3/6: {"status": "MISMATCH", "vid": "FxJJlOB7yUQ", "corr": 0.459, "luma": 126.3, "frozen": false, "msg": "correlation 0.459 < 0.6"}
2026-09-04 23:32:08 check 4/6: {"status": "MISMATCH", "vid": "FxJJlOB7yUQ", "corr": 0.534, "luma": 131.3, "frozen": false, "msg": "correlation 0.534 < 0.6"}
2026-09-04 23:32:33 recovered after 4 bad checks: {"status": "OK", "vid": "FxJJlOB7yUQ", "corr": 0.616, "luma": 134.3, "frozen": false, "msg": ""}
2026-09-04 23:37:41 check 1/6: {"status": "MISMATCH", "vid": "FxJJlOB7yUQ", "corr": 0.598, "luma": 132.6, "frozen": false, "msg": "correlation 0.598 < 0.6"}
2026-09-04 23:38:04 check 2/6: {"status": "MISMATCH", "vid": "FxJJlOB7yUQ", "corr": 0.56, "luma": 131.3, "frozen": false, "msg": "correlation 0.560 < 0.6"}
2026-09-04 23:38:28 recovered after 2 bad checks: {"status": "OK", "vid": "FxJJlOB7yUQ", "corr": 0.618, "luma": 134.7, "frozen": false, "msg": ""}
2026-09-04 23:41:40 check 1/6: {"status": "MISMATCH", "vid": "FxJJlOB7yUQ", "corr": 0.566, "luma": 133.2, "frozen": false, "msg": "correlation 0.566 < 0.6"}
2026-09-04 23:42:04 check 2/6: {"status": "MISMATCH", "vid": "FxJJlOB7yUQ", "corr": 0.594, "luma": 133.7, "frozen": false, "msg": "correlation 0.594 < 0.6"}
2026-09-04 23:42:29 check 3/6: {"status": "MISMATCH", "vid": "FxJJlOB7yUQ", "corr": 0.587, "luma": 132.7, "frozen": false, "msg": "correlation 0.587 < 0.6"}
2026-09-04 23:42:54 recovered after 3 bad checks: {"status": "OK", "vid": "FxJJlOB7yUQ", "corr": 0.61, "luma": 134.9, "frozen": false, "msg": ""}
2026-09-04 23:53:28 check 1/6: {"status": "MISMATCH", "vid": "FxJJlOB7yUQ", "corr": 0.593, "luma": 133.1, "frozen": false, "msg": "correlation 0.593 < 0.6"}
2026-09-04 23:53:52 check 2/6: {"status": "MISMATCH", "vid": "FxJJlOB7yUQ", "corr": 0.539, "luma": 128.9, "frozen": false, "msg": "correlation 0.539 < 0.6"}
2026-09-04 23:54:16 check 3/6: {"status": "MISMATCH", "vid": "FxJJlOB7yUQ", "corr": 0.54, "luma": 130.4, "frozen": false, "msg": "correlation 0.540 < 0.6"}
2026-09-04 23:54:40 recovered after 3 bad checks: {"status": "OK", "vid": "FxJJlOB7yUQ", "corr": 0.609, "luma": 134.9, "frozen": false, "msg": ""}
2026-09-05 00:09:40 check 1/6: {"status": "MISMATCH", "vid": "FxJJlOB7yUQ", "corr": 0.586, "luma": 132.6, "frozen": false, "msg": "correlation 0.586 < 0.6"}
2026-09-05 00:10:04 recovered after 1 bad checks: {"status": "OK", "vid": "FxJJlOB7yUQ", "corr": 0.611, "luma": 133.6, "frozen": false, "msg": ""}
2026-09-05 00:34:23 check 1/6: {"status": "MISMATCH", "vid": "FxJJlOB7yUQ", "corr": 0.56, "luma": 127.7, "frozen": false, "msg": "correlation 0.560 < 0.6"}
2026-09-05 00:34:56 check 2/6: {"status": "MISMATCH", "vid": "FxJJlOB7yUQ", "corr": 0.548, "luma": 127.1, "frozen": false, "msg": "correlation 0.548 < 0.6"}
2026-09-05 00:35:21 recovered after 2 bad checks: {"status": "OK", "vid": "FxJJlOB7yUQ", "corr": 0.602, "luma": 131.7, "frozen": false, "msg": ""}
2026-09-05 00:38:27 check 1/6: {"status": "MISMATCH", "vid": "FxJJlOB7yUQ", "corr": 0.597, "luma": 131.1, "frozen": false, "msg": "correlation 0.597 < 0.6"}
2026-09-05 00:38:50 check 2/6: {"status": "MISMATCH", "vid": "FxJJlOB7yUQ", "corr": 0.597, "luma": 130.2, "frozen": false, "msg": "correlation 0.597 < 0.6"}
2026-09-05 00:39:13 check 3/6: {"status": "MISMATCH", "vid": "FxJJlOB7yUQ", "corr": 0.57, "luma": 130.2, "frozen": false, "msg": "correlation 0.570 < 0.6"}
2026-09-05 00:39:36 check 4/6: {"status": "MISMATCH", "vid": "FxJJlOB7yUQ", "corr": 0.598, "luma": 131.3, "frozen": false, "msg": "correlation 0.598 < 0.6"}
2026-09-05 00:39:59 recovered after 4 bad checks: {"status": "OK", "vid": "FxJJlOB7yUQ", "corr": 0.612, "luma": 131.8, "frozen": false, "msg": ""}
2026-09-05 00:41:38 check 1/6: {"status": "MISMATCH", "vid": "FxJJlOB7yUQ", "corr": 0.596, "luma": 131.0, "frozen": false, "msg": "correlation 0.596 < 0.6"}
2026-09-05 00:42:03 recovered after 1 bad checks: {"status": "OK", "vid": "FxJJlOB7yUQ", "corr": 0.606, "luma": 131.7, "frozen": false, "msg": ""}
2026-09-05 00:42:28 check 1/6: {"status": "MISMATCH", "vid": "FxJJlOB7yUQ", "corr": 0.599, "luma": 131.5, "frozen": false, "msg": "correlation 0.599 < 0.6"}
2026-09-05 00:42:53 recovered after 1 bad checks: {"status": "OK", "vid": "FxJJlOB7yUQ", "corr": 0.607, "luma": 131.4, "frozen": false, "msg": ""}
2026-09-05 00:44:33 check 1/6: {"status": "MISMATCH", "vid": "FxJJlOB7yUQ", "corr": 0.599, "luma": 131.6, "frozen": false, "msg": "correlation 0.599 < 0.6"}
2026-09-05 00:44:57 check 2/6: {"status": "MISMATCH", "vid": "FxJJlOB7yUQ", "corr": 0.596, "luma": 131.3, "frozen": false, "msg": "correlation 0.596 < 0.6"}
2026-09-05 00:45:22 recovered after 2 bad checks: {"status": "OK", "vid": "FxJJlOB7yUQ", "corr": 0.607, "luma": 131.8, "frozen": false, "msg": ""}
2026-09-05 00:47:04 check 1/6: {"status": "MISMATCH", "vid": "FxJJlOB7yUQ", "corr": 0.561, "luma": 126.0, "frozen": false, "msg": "correlation 0.561 < 0.6"}
2026-09-05 00:47:29 recovered after 1 bad checks: {"status": "OK", "vid": "FxJJlOB7yUQ", "corr": 0.613, "luma": 131.2, "frozen": false, "msg": ""}
2026-09-05 00:48:45 check 1/6: {"status": "MISMATCH", "vid": "FxJJlOB7yUQ", "corr": 0.583, "luma": 129.9, "frozen": false, "msg": "correlation 0.583 < 0.6"}
2026-09-05 00:49:10 recovered after 1 bad checks: {"status": "OK", "vid": "FxJJlOB7yUQ", "corr": 0.606, "luma": 130.6, "frozen": false, "msg": ""}
2026-09-05 00:49:35 check 1/6: {"status": "MISMATCH", "vid": "FxJJlOB7yUQ", "corr": 0.563, "luma": 128.6, "frozen": false, "msg": "correlation 0.563 < 0.6"}
2026-09-05 00:50:00 check 2/6: {"status": "MISMATCH", "vid": "FxJJlOB7yUQ", "corr": 0.588, "luma": 130.0, "frozen": false, "msg": "correlation 0.588 < 0.6"}
2026-09-05 00:50:26 check 3/6: {"status": "MISMATCH", "vid": "FxJJlOB7yUQ", "corr": 0.575, "luma": 129.0, "frozen": false, "msg": "correlation 0.575 < 0.6"}
2026-09-05 00:50:45 check 4/6: {"status": "OFFLINE", "msg": "no active live broadcast on the channel"}
2026-09-05 00:51:04 check 5/6: {"status": "OFFLINE", "msg": "no active live broadcast on the channel"}
2026-09-05 00:51:22 check 6/6: {"status": "OFFLINE", "msg": "no active live broadcast on the channel"}
2026-09-05 00:51:22 ACTION: restarting the streamer (sustained bad output on YouTube)
2026-09-05 00:52:58 check 1/6: {"status": "OFFLINE", "msg": "no active live broadcast on the channel"}
2026-09-05 00:53:17 check 2/6: {"status": "OFFLINE", "msg": "no active live broadcast on the channel"}
2026-09-05 00:53:40 check 3/6: {"status": "OFFLINE", "msg": "no active live broadcast on the channel"}
2026-09-05 00:54:24 check 4/6: {"status": "OFFLINE", "msg": "no active live broadcast on the channel"}
2026-09-05 00:54:51 check 5/6: {"status": "OFFLINE", "msg": "no active live broadcast on the channel"}
2026-09-05 00:55:21 check 6/6: {"status": "OFFLINE", "msg": "no active live broadcast on the channel"}
2026-09-05 00:55:21 ACTION: restarting the streamer (sustained bad output on YouTube)
2026-09-05 00:56:48 check 1/6: {"status": "OFFLINE", "msg": "no active live broadcast on the channel"}
2026-09-05 00:57:11 check 2/6: {"status": "OFFLINE", "msg": "no active live broadcast on the channel"}
2026-09-05 00:57:41 check 3/6: {"status": "OFFLINE", "msg": "no active live broadcast on the channel"}
2026-09-05 00:58:02 check 4/6: {"status": "OFFLINE", "msg": "no active live broadcast on the channel"}
2026-09-05 00:58:28 check 5/6: {"status": "OFFLINE", "msg": "no active live broadcast on the channel"}
2026-09-05 00:58:49 check 6/6: {"status": "OFFLINE", "msg": "no active live broadcast on the channel"}
2026-09-05 00:58:49 ACTION: restarting the streamer (sustained bad output on YouTube)
2026-09-05 01:00:11 check 1/6: {"status": "OFFLINE", "msg": "no active live broadcast on the channel"}
2026-09-05 01:00:47 check 2/6: {"status": "OFFLINE", "msg": "no active live broadcast on the channel"}
2026-09-05 01:01:10 check 3/6: {"status": "OFFLINE", "msg": "no active live broadcast on the channel"}
2026-09-05 01:01:33 check 4/6: {"status": "OFFLINE", "msg": "no active live broadcast on the channel"}
2026-09-05 01:02:09 check 5/6: {"status": "OFFLINE", "msg": "no active live broadcast on the channel"}
2026-09-05 01:02:40 check 6/6: {"status": "OFFLINE", "msg": "no active live broadcast on the channel"}
2026-09-05 01:02:40 ACTION: restarting the streamer (sustained bad output on YouTube)
2026-09-05 01:03:40 monitor start: @ternaklaundrybengkong every 10s, act after 6 bad checks (restart)
2026-09-05 01:03:46 check 1/6: {"status": "OFFLINE", "msg": "no active live broadcast on the channel"}
2026-09-05 01:04:09 check 2/6: {"status": "OFFLINE", "msg": "no active live broadcast on the channel"}
2026-09-05 01:05:24 check 1/6: {"status": "OFFLINE", "msg": "no active live broadcast on the channel"}
2026-09-05 01:05:44 check 2/6: {"status": "OFFLINE", "msg": "no active live broadcast on the channel"}
2026-09-05 01:06:02 check 3/6: {"status": "OFFLINE", "msg": "no active live broadcast on the channel"}
2026-09-05 01:06:19 check 4/6: {"status": "OFFLINE", "msg": "no active live broadcast on the channel"}
2026-09-05 01:06:36 check 5/6: {"status": "OFFLINE", "msg": "no active live broadcast on the channel"}
2026-09-05 01:06:53 check 6/6: {"status": "OFFLINE", "msg": "no active live broadcast on the channel"}
2026-09-05 01:06:53 ACTION: restarting the streamer (sustained bad output on YouTube)
2026-09-05 01:08:15 check 1/6: {"status": "OFFLINE", "msg": "no active live broadcast on the channel"}
2026-09-05 01:08:39 check 2/6: {"status": "OFFLINE", "msg": "no active live broadcast on the channel"}
2026-09-05 01:08:51 monitor start: @ternaklaundrybengkong every 10s, act after 6 bad checks (restart)
2026-09-05 01:09:03 check 1/6: {"status": "OFFLINE", "msg": "no active live broadcast on the channel"}
2026-09-05 01:09:21 check 2/6: {"status": "OFFLINE", "msg": "no active live broadcast on the channel"}
2026-09-05 01:09:40 check 3/6: {"status": "OFFLINE", "msg": "no active live broadcast on the channel"}
2026-09-05 01:09:57 check 4/6: {"status": "OFFLINE", "msg": "no active live broadcast on the channel"}
2026-09-05 01:10:14 check 5/6: {"status": "OFFLINE", "msg": "no active live broadcast on the channel"}
2026-09-05 01:10:32 check 6/6: {"status": "OFFLINE", "msg": "no active live broadcast on the channel"}
2026-09-05 01:10:32 ACTION: channel OFFLINE - requesting a broadcast rotation (stop, gap, start)
2026-09-05 01:11:57 check 1/6: {"status": "OFFLINE", "msg": "no active live broadcast on the channel"}
2026-09-05 01:12:16 check 2/6: {"status": "OFFLINE", "msg": "no active live broadcast on the channel"}
2026-09-05 01:12:33 check 3/6: {"status": "OFFLINE", "msg": "no active live broadcast on the channel"}
2026-09-05 01:12:51 check 4/6: {"status": "OFFLINE", "msg": "no active live broadcast on the channel"}
2026-09-05 01:13:08 check 5/6: {"status": "OFFLINE", "msg": "no active live broadcast on the channel"}
2026-09-05 01:13:31 check 6/6: {"status": "OFFLINE", "msg": "no active live broadcast on the channel"}
2026-09-05 01:13:31 ACTION: channel OFFLINE - requesting a broadcast rotation (stop, gap, start)
2026-09-05 01:14:46 check 1/6: {"status": "OFFLINE", "msg": "no active live broadcast on the channel"}
2026-09-05 01:15:03 check 2/6: {"status": "OFFLINE", "msg": "no active live broadcast on the channel"}
2026-09-05 01:15:18 check 3/6: {"status": "OFFLINE", "msg": "no active live broadcast on the channel"}
2026-09-05 01:15:34 check 4/6: {"status": "OFFLINE", "msg": "no active live broadcast on the channel"}
2026-09-05 01:15:53 check 5/6: {"status": "OFFLINE", "msg": "no active live broadcast on the channel"}
2026-09-05 01:16:12 check 6/6: {"status": "OFFLINE", "msg": "no active live broadcast on the channel"}
2026-09-05 01:16:12 ACTION: channel OFFLINE - requesting a broadcast rotation (stop, gap, start)
2026-09-05 01:17:34 check 1/6: {"status": "OFFLINE", "msg": "no active live broadcast on the channel"}
2026-09-05 01:17:49 check 2/6: {"status": "OFFLINE", "msg": "no active live broadcast on the channel"}
2026-09-05 01:18:16 recovered after 2 bad checks: {"status": "OK", "vid": "GarIybQyhn0", "corr": 0.631, "luma": 134.6, "frozen": false, "msg": ""}
2026-09-05 01:19:28 check 1/6: {"status": "MISMATCH", "vid": "GarIybQyhn0", "corr": 0.599, "luma": 132.9, "frozen": false, "msg": "correlation 0.599 < 0.6"}
2026-09-05 01:20:07 check 2/6: {"status": "MISMATCH", "vid": "GarIybQyhn0", "corr": 0.6, "luma": 132.2, "frozen": false, "msg": "correlation 0.600 < 0.6"}
2026-09-05 01:20:38 recovered after 2 bad checks: {"status": "OK", "vid": "GarIybQyhn0", "corr": 0.625, "luma": 130.0, "frozen": false, "msg": ""}
2026-09-05 01:22:31 check 1/6: {"status": "MISMATCH", "vid": "GarIybQyhn0", "corr": 0.514, "luma": 127.6, "frozen": false, "msg": "correlation 0.514 < 0.6"}
2026-09-05 01:22:58 recovered after 1 bad checks: {"status": "OK", "vid": "GarIybQyhn0", "corr": 0.638, "luma": 130.7, "frozen": false, "msg": ""}
2026-09-05 01:23:37 check 1/6: {"status": "MISMATCH", "vid": "GarIybQyhn0", "corr": 0.541, "luma": 128.1, "frozen": false, "msg": "correlation 0.541 < 0.6"}
2026-09-05 01:24:26 check 2/6: {"status": "MISMATCH", "vid": "GarIybQyhn0", "corr": 0.519, "luma": 125.8, "frozen": false, "msg": "correlation 0.519 < 0.6"}
2026-09-05 01:25:10 recovered after 2 bad checks: {"status": "OK", "vid": "GarIybQyhn0", "corr": 0.636, "luma": 131.1, "frozen": false, "msg": ""}
2026-09-05 01:25:42 check 1/6: {"status": "MISMATCH", "vid": "GarIybQyhn0", "corr": 0.581, "luma": 129.1, "frozen": false, "msg": "correlation 0.581 < 0.6"}
2026-09-05 01:26:10 recovered after 1 bad checks: {"status": "OK", "vid": "GarIybQyhn0", "corr": 0.601, "luma": 130.1, "frozen": false, "msg": ""}
2026-09-05 01:27:35 monitor start: @ternaklaundrybengkong every 10s, act after 6 bad checks (restart)
2026-09-05 03:05:51 check 1/6: {"status": "MISMATCH", "vid": "GarIybQyhn0", "corr": 0.053, "luma": 133.9, "frozen": false, "msg": "correlation 0.053 < 0.35"}
2026-09-05 03:06:16 check 2/6: {"status": "MISMATCH", "vid": "GarIybQyhn0", "corr": 0.289, "luma": 131.7, "frozen": false, "msg": "correlation 0.289 < 0.35"}
2026-09-05 03:06:38 check 3/6: {"status": "MISMATCH", "vid": "GarIybQyhn0", "corr": 0.334, "luma": 130.8, "frozen": false, "msg": "correlation 0.334 < 0.35"}
2026-09-05 03:07:01 check 4/6: {"status": "MISMATCH", "vid": "GarIybQyhn0", "corr": 0.307, "luma": 130.1, "frozen": false, "msg": "correlation 0.307 < 0.35"}
2026-09-05 03:07:23 check 5/6: {"status": "MISMATCH", "vid": "GarIybQyhn0", "corr": 0.329, "luma": 131.8, "frozen": false, "msg": "correlation 0.329 < 0.35"}
2026-09-05 03:07:46 check 6/6: {"status": "MISMATCH", "vid": "GarIybQyhn0", "corr": 0.331, "luma": 132.2, "frozen": false, "msg": "correlation 0.331 < 0.35"}
2026-09-05 03:07:46 ACTION: restarting the streamer (sustained bad output on YouTube: MISMATCH)
2026-09-05 03:08:57 golden reference refreshed from latest publisher start frame
2026-09-05 03:16:04 check 1/6: {"status": "FETCHFAIL", "msg": "timeout"}
2026-09-05 03:16:46 recovered after 1 bad checks: {"status": "OK", "vid": "GarIybQyhn0", "corr": 0.81, "luma": 125.5, "frozen": false, "msg": ""}
2026-09-05 03:23:29 check 1/6: {"status": "MISMATCH", "vid": "GarIybQyhn0", "corr": 0.007, "luma": 131.9, "frozen": false, "msg": "correlation 0.007 < 0.35"}
2026-09-05 03:23:52 check 2/6: {"status": "MISMATCH", "vid": "GarIybQyhn0", "corr": 0.009, "luma": 129.2, "frozen": false, "msg": "correlation 0.009 < 0.35"}
2026-09-05 03:24:15 check 3/6: {"status": "MISMATCH", "vid": "GarIybQyhn0", "corr": 0.157, "luma": 125.7, "frozen": false, "msg": "correlation 0.157 < 0.35"}
2026-09-05 03:24:38 check 4/6: {"status": "MISMATCH", "vid": "GarIybQyhn0", "corr": -0.003, "luma": 131.7, "frozen": false, "msg": "correlation -0.003 < 0.35"}
2026-09-05 03:25:01 check 5/6: {"status": "MISMATCH", "vid": "GarIybQyhn0", "corr": 0.004, "luma": 131.9, "frozen": false, "msg": "correlation 0.004 < 0.35"}
2026-09-05 03:25:24 check 6/6: {"status": "MISMATCH", "vid": "GarIybQyhn0", "corr": -0.012, "luma": 130.9, "frozen": false, "msg": "correlation -0.012 < 0.35"}
2026-09-05 03:25:24 ACTION: restarting the streamer (sustained bad output on YouTube: MISMATCH)
2026-09-05 03:26:35 golden reference refreshed from latest publisher start frame
2026-09-05 04:58:35 check 1/6: {"status": "MISMATCH", "vid": "GarIybQyhn0", "corr": 0.209, "luma": 131.6, "frozen": false, "msg": "correlation 0.209 < 0.35"}
2026-09-05 04:58:59 check 2/6: {"status": "MISMATCH", "vid": "GarIybQyhn0", "corr": 0.21, "luma": 131.6, "frozen": false, "msg": "correlation 0.210 < 0.35"}
2026-09-05 04:59:23 check 3/6: {"status": "MISMATCH", "vid": "GarIybQyhn0", "corr": 0.21, "luma": 131.8, "frozen": false, "msg": "correlation 0.210 < 0.35"}
2026-09-05 04:59:46 check 4/6: {"status": "MISMATCH", "vid": "GarIybQyhn0", "corr": 0.206, "luma": 131.9, "frozen": false, "msg": "correlation 0.206 < 0.35"}
2026-09-05 05:00:09 check 5/6: {"status": "MISMATCH", "vid": "GarIybQyhn0", "corr": 0.201, "luma": 132.1, "frozen": false, "msg": "correlation 0.201 < 0.35"}
2026-09-05 05:00:33 check 6/6: {"status": "MISMATCH", "vid": "GarIybQyhn0", "corr": 0.201, "luma": 132.2, "frozen": false, "msg": "correlation 0.201 < 0.35"}
2026-09-05 05:00:33 ACTION: restarting the streamer (sustained bad output on YouTube: MISMATCH)
2026-09-05 05:01:44 golden reference refreshed from latest publisher start frame
2026-09-05 07:24:38 golden reference refreshed from latest publisher start frame
2026-09-05 09:18:58 golden reference refreshed from latest publisher start frame
2026-09-05 09:19:01 check 1/6: {"status": "OFFLINE", "msg": "no active live broadcast on the channel"}
2026-09-05 09:19:14 check 2/6: {"status": "OFFLINE", "msg": "no active live broadcast on the channel"}
2026-09-05 09:19:26 check 3/6: {"status": "OFFLINE", "msg": "no active live broadcast on the channel"}
2026-09-05 09:19:39 check 4/6: {"status": "OFFLINE", "msg": "no active live broadcast on the channel"}
2026-09-05 09:19:53 check 5/6: {"status": "OFFLINE", "msg": "no active live broadcast on the channel"}
2026-09-05 09:20:08 check 6/6: {"status": "OFFLINE", "msg": "no active live broadcast on the channel"}
2026-09-05 09:20:08 ACTION: channel OFFLINE - requesting a broadcast rotation (stop, gap, start)
2026-09-05 09:21:18 golden reference refreshed from latest publisher start frame
2026-09-05 09:21:20 check 1/6: {"status": "OFFLINE", "msg": "no active live broadcast on the channel"}
2026-09-05 09:21:31 check 2/6: {"status": "OFFLINE", "msg": "no active live broadcast on the channel"}
2026-09-05 09:21:43 check 3/6: {"status": "OFFLINE", "msg": "no active live broadcast on the channel"}
2026-09-05 09:21:56 check 4/6: {"status": "OFFLINE", "msg": "no active live broadcast on the channel"}
2026-09-05 09:22:08 check 5/6: {"status": "OFFLINE", "msg": "no active live broadcast on the channel"}
2026-09-05 09:22:21 check 6/6: {"status": "OFFLINE", "msg": "no active live broadcast on the channel"}
2026-09-05 09:22:21 ACTION: channel OFFLINE - requesting a broadcast rotation (stop, gap, start)
2026-09-05 09:23:32 golden reference refreshed from latest publisher start frame
2026-09-05 09:23:33 check 1/6: {"status": "OFFLINE", "msg": "no active live broadcast on the channel"}
2026-09-05 09:23:52 check 2/6: {"status": "OFFLINE", "msg": "no active live broadcast on the channel"}
2026-09-05 09:24:15 check 3/6: {"status": "OFFLINE", "msg": "no active live broadcast on the channel"}
2026-09-05 09:24:33 check 4/6: {"status": "OFFLINE", "msg": "no active live broadcast on the channel"}
2026-09-05 09:24:48 check 5/6: {"status": "OFFLINE", "msg": "no active live broadcast on the channel"}
2026-09-05 09:25:05 check 6/6: {"status": "OFFLINE", "msg": "no active live broadcast on the channel"}
2026-09-05 09:25:05 ACTION: channel OFFLINE - requesting a broadcast rotation (stop, gap, start)
2026-09-05 09:26:25 golden reference refreshed from latest publisher start frame
2026-09-05 09:26:27 check 1/6: {"status": "OFFLINE", "msg": "no active live broadcast on the channel"}
2026-09-05 09:26:40 check 2/6: {"status": "OFFLINE", "msg": "no active live broadcast on the channel"}
2026-09-05 09:26:52 check 3/6: {"status": "OFFLINE", "msg": "no active live broadcast on the channel"}
2026-09-05 09:27:04 check 4/6: {"status": "OFFLINE", "msg": "no active live broadcast on the channel"}
2026-09-05 09:27:17 check 5/6: {"status": "OFFLINE", "msg": "no active live broadcast on the channel"}
2026-09-05 09:27:30 check 6/6: {"status": "OFFLINE", "msg": "no active live broadcast on the channel"}
2026-09-05 09:27:30 ACTION: channel OFFLINE - requesting a broadcast rotation (stop, gap, start)
2026-09-05 09:28:41 golden reference refreshed from latest publisher start frame
2026-09-05 09:28:42 check 1/6: {"status": "OFFLINE", "msg": "no active live broadcast on the channel"}
2026-09-05 09:28:54 check 2/6: {"status": "OFFLINE", "msg": "no active live broadcast on the channel"}
2026-09-05 09:29:07 check 3/6: {"status": "OFFLINE", "msg": "no active live broadcast on the channel"}
2026-09-05 09:29:20 check 4/6: {"status": "OFFLINE", "msg": "no active live broadcast on the channel"}
2026-09-05 09:29:33 check 5/6: {"status": "OFFLINE", "msg": "no active live broadcast on the channel"}
2026-09-05 09:29:47 check 6/6: {"status": "OFFLINE", "msg": "no active live broadcast on the channel"}
2026-09-05 09:29:47 ACTION: channel OFFLINE - requesting a broadcast rotation (stop, gap, start)
2026-09-05 09:30:57 golden reference refreshed from latest publisher start frame
2026-09-05 09:30:59 check 1/6: {"status": "OFFLINE", "msg": "no active live broadcast on the channel"}
2026-09-05 09:31:10 check 2/6: {"status": "OFFLINE", "msg": "no active live broadcast on the channel"}
2026-09-05 09:31:23 check 3/6: {"status": "OFFLINE", "msg": "no active live broadcast on the channel"}
2026-09-05 09:31:36 check 4/6: {"status": "OFFLINE", "msg": "no active live broadcast on the channel"}
2026-09-05 09:31:49 check 5/6: {"status": "OFFLINE", "msg": "no active live broadcast on the channel"}
2026-09-05 09:32:02 check 6/6: {"status": "OFFLINE", "msg": "no active live broadcast on the channel"}
2026-09-05 09:32:02 ACTION: channel OFFLINE - requesting a broadcast rotation (stop, gap, start)
2026-09-05 09:33:12 golden reference refreshed from latest publisher start frame
2026-09-05 09:33:13 check 1/6: {"status": "OFFLINE", "msg": "no active live broadcast on the channel"}
2026-09-05 09:33:25 check 2/6: {"status": "OFFLINE", "msg": "no active live broadcast on the channel"}
2026-09-05 09:33:37 check 3/6: {"status": "OFFLINE", "msg": "no active live broadcast on the channel"}
2026-09-05 09:33:50 check 4/6: {"status": "OFFLINE", "msg": "no active live broadcast on the channel"}
2026-09-05 09:34:02 check 5/6: {"status": "OFFLINE", "msg": "no active live broadcast on the channel"}
2026-09-05 09:34:15 check 6/6: {"status": "OFFLINE", "msg": "no active live broadcast on the channel"}
2026-09-05 09:34:15 ACTION: channel OFFLINE - requesting a broadcast rotation (stop, gap, start)
2026-09-05 09:35:26 golden reference refreshed from latest publisher start frame
2026-09-05 09:35:28 check 1/6: {"status": "OFFLINE", "msg": "no active live broadcast on the channel"}
2026-09-05 09:35:39 check 2/6: {"status": "OFFLINE", "msg": "no active live broadcast on the channel"}
2026-09-05 09:35:52 check 3/6: {"status": "OFFLINE", "msg": "no active live broadcast on the channel"}
2026-09-05 09:36:04 check 4/6: {"status": "OFFLINE", "msg": "no active live broadcast on the channel"}
2026-09-05 09:36:17 check 5/6: {"status": "OFFLINE", "msg": "no active live broadcast on the channel"}
2026-09-05 09:36:30 check 6/6: {"status": "OFFLINE", "msg": "no active live broadcast on the channel"}
2026-09-05 09:36:30 ACTION: channel OFFLINE - requesting a broadcast rotation (stop, gap, start)
2026-09-05 09:37:40 golden reference refreshed from latest publisher start frame
2026-09-05 09:37:42 check 1/6: {"status": "OFFLINE", "msg": "no active live broadcast on the channel"}
2026-09-05 09:37:55 check 2/6: {"status": "OFFLINE", "msg": "no active live broadcast on the channel"}
2026-09-05 09:38:07 check 3/6: {"status": "OFFLINE", "msg": "no active live broadcast on the channel"}
2026-09-05 09:38:20 check 4/6: {"status": "OFFLINE", "msg": "no active live broadcast on the channel"}
2026-09-05 09:38:32 check 5/6: {"status": "OFFLINE", "msg": "no active live broadcast on the channel"}
2026-09-05 09:38:45 check 6/6: {"status": "OFFLINE", "msg": "no active live broadcast on the channel"}
2026-09-05 09:38:45 ACTION: channel OFFLINE - requesting a broadcast rotation (stop, gap, start)
2026-09-05 09:39:55 golden reference refreshed from latest publisher start frame
2026-09-05 09:39:57 check 1/6: {"status": "OFFLINE", "msg": "no active live broadcast on the channel"}
2026-09-05 09:40:09 check 2/6: {"status": "OFFLINE", "msg": "no active live broadcast on the channel"}
2026-09-05 09:40:21 check 3/6: {"status": "OFFLINE", "msg": "no active live broadcast on the channel"}
2026-09-05 09:40:34 check 4/6: {"status": "OFFLINE", "msg": "no active live broadcast on the channel"}
2026-09-05 09:40:46 check 5/6: {"status": "OFFLINE", "msg": "no active live broadcast on the channel"}
2026-09-05 09:40:59 check 6/6: {"status": "OFFLINE", "msg": "no active live broadcast on the channel"}
2026-09-05 09:40:59 ACTION: channel OFFLINE - requesting a broadcast rotation (stop, gap, start)
2026-09-05 09:42:09 golden reference refreshed from latest publisher start frame
2026-09-05 09:42:11 check 1/6: {"status": "OFFLINE", "msg": "no active live broadcast on the channel"}
2026-09-05 09:42:22 check 2/6: {"status": "OFFLINE", "msg": "no active live broadcast on the channel"}
2026-09-05 09:42:35 check 3/6: {"status": "OFFLINE", "msg": "no active live broadcast on the channel"}
2026-09-05 09:42:47 check 4/6: {"status": "OFFLINE", "msg": "no active live broadcast on the channel"}
2026-09-05 09:43:00 check 5/6: {"status": "OFFLINE", "msg": "no active live broadcast on the channel"}
2026-09-05 09:43:13 check 6/6: {"status": "OFFLINE", "msg": "no active live broadcast on the channel"}
2026-09-05 09:43:13 ACTION: channel OFFLINE - requesting a broadcast rotation (stop, gap, start)
2026-09-05 09:44:23 golden reference refreshed from latest publisher start frame
2026-09-05 09:44:24 check 1/6: {"status": "OFFLINE", "msg": "no active live broadcast on the channel"}
2026-09-05 09:44:36 check 2/6: {"status": "OFFLINE", "msg": "no active live broadcast on the channel"}
2026-09-05 09:44:48 check 3/6: {"status": "OFFLINE", "msg": "no active live broadcast on the channel"}
2026-09-05 09:45:01 check 4/6: {"status": "OFFLINE", "msg": "no active live broadcast on the channel"}
2026-09-05 09:45:13 check 5/6: {"status": "OFFLINE", "msg": "no active live broadcast on the channel"}
2026-09-05 09:45:26 check 6/6: {"status": "OFFLINE", "msg": "no active live broadcast on the channel"}
2026-09-05 09:45:26 ACTION: channel OFFLINE - requesting a broadcast rotation (stop, gap, start)
2026-09-05 09:46:37 golden reference refreshed from latest publisher start frame
2026-09-05 09:46:38 check 1/6: {"status": "OFFLINE", "msg": "no active live broadcast on the channel"}
2026-09-05 09:46:49 check 2/6: {"status": "OFFLINE", "msg": "no active live broadcast on the channel"}
2026-09-05 09:47:02 check 3/6: {"status": "OFFLINE", "msg": "no active live broadcast on the channel"}
2026-09-05 09:47:14 check 4/6: {"status": "OFFLINE", "msg": "no active live broadcast on the channel"}
2026-09-05 09:47:27 check 5/6: {"status": "OFFLINE", "msg": "no active live broadcast on the channel"}
2026-09-05 09:47:40 check 6/6: {"status": "OFFLINE", "msg": "no active live broadcast on the channel"}
2026-09-05 09:47:40 ACTION: channel OFFLINE - requesting a broadcast rotation (stop, gap, start)
2026-09-05 09:48:50 golden reference refreshed from latest publisher start frame
2026-09-05 09:48:52 check 1/6: {"status": "OFFLINE", "msg": "no active live broadcast on the channel"}
2026-09-05 09:49:05 check 2/6: {"status": "OFFLINE", "msg": "no active live broadcast on the channel"}
2026-09-05 09:49:17 check 3/6: {"status": "OFFLINE", "msg": "no active live broadcast on the channel"}
2026-09-05 09:49:30 check 4/6: {"status": "OFFLINE", "msg": "no active live broadcast on the channel"}
2026-09-05 09:49:42 check 5/6: {"status": "OFFLINE", "msg": "no active live broadcast on the channel"}
2026-09-05 09:49:55 check 6/6: {"status": "OFFLINE", "msg": "no active live broadcast on the channel"}
2026-09-05 09:49:55 ACTION: channel OFFLINE - requesting a broadcast rotation (stop, gap, start)
2026-09-05 09:51:05 golden reference refreshed from latest publisher start frame
2026-09-05 09:51:07 check 1/6: {"status": "OFFLINE", "msg": "no active live broadcast on the channel"}
2026-09-05 09:51:19 check 2/6: {"status": "OFFLINE", "msg": "no active live broadcast on the channel"}
2026-09-05 09:51:31 check 3/6: {"status": "OFFLINE", "msg": "no active live broadcast on the channel"}
2026-09-05 09:51:44 check 4/6: {"status": "OFFLINE", "msg": "no active live broadcast on the channel"}
2026-09-05 09:51:56 check 5/6: {"status": "OFFLINE", "msg": "no active live broadcast on the channel"}
2026-09-05 09:52:09 check 6/6: {"status": "OFFLINE", "msg": "no active live broadcast on the channel"}
2026-09-05 09:52:09 ACTION: channel OFFLINE - requesting a broadcast rotation (stop, gap, start)
2026-09-05 09:53:20 golden reference refreshed from latest publisher start frame
2026-09-05 09:53:21 check 1/6: {"status": "OFFLINE", "msg": "no active live broadcast on the channel"}
2026-09-05 09:53:33 check 2/6: {"status": "OFFLINE", "msg": "no active live broadcast on the channel"}
2026-09-05 09:53:45 check 3/6: {"status": "OFFLINE", "msg": "no active live broadcast on the channel"}
2026-09-05 09:53:58 check 4/6: {"status": "OFFLINE", "msg": "no active live broadcast on the channel"}
2026-09-05 09:54:10 check 5/6: {"status": "OFFLINE", "msg": "no active live broadcast on the channel"}
2026-09-05 09:54:23 check 6/6: {"status": "OFFLINE", "msg": "no active live broadcast on the channel"}
2026-09-05 09:54:23 ACTION: channel OFFLINE - requesting a broadcast rotation (stop, gap, start)
2026-09-05 09:55:44 golden reference refreshed from latest publisher start frame
2026-09-05 09:55:45 check 1/6: {"status": "OFFLINE", "msg": "no active live broadcast on the channel"}
2026-09-05 09:55:58 check 2/6: {"status": "OFFLINE", "msg": "no active live broadcast on the channel"}
2026-09-05 09:56:11 check 3/6: {"status": "OFFLINE", "msg": "no active live broadcast on the channel"}
2026-09-05 09:56:23 check 4/6: {"status": "OFFLINE", "msg": "no active live broadcast on the channel"}
2026-09-05 09:56:36 check 5/6: {"status": "OFFLINE", "msg": "no active live broadcast on the channel"}
2026-09-05 09:56:49 check 6/6: {"status": "OFFLINE", "msg": "no active live broadcast on the channel"}
2026-09-05 09:56:49 ACTION: channel OFFLINE - requesting a broadcast rotation (stop, gap, start)
2026-09-05 09:57:59 golden reference refreshed from latest publisher start frame
2026-09-05 09:58:01 check 1/6: {"status": "OFFLINE", "msg": "no active live broadcast on the channel"}
2026-09-05 09:58:12 check 2/6: {"status": "OFFLINE", "msg": "no active live broadcast on the channel"}
2026-09-05 09:58:25 check 3/6: {"status": "OFFLINE", "msg": "no active live broadcast on the channel"}
2026-09-05 09:58:38 check 4/6: {"status": "OFFLINE", "msg": "no active live broadcast on the channel"}
2026-09-05 09:58:51 check 5/6: {"status": "OFFLINE", "msg": "no active live broadcast on the channel"}
2026-09-05 09:59:04 check 6/6: {"status": "OFFLINE", "msg": "no active live broadcast on the channel"}
2026-09-05 09:59:04 ACTION: channel OFFLINE - requesting a broadcast rotation (stop, gap, start)
2026-09-05 10:00:14 golden reference refreshed from latest publisher start frame
2026-09-05 10:00:16 check 1/6: {"status": "OFFLINE", "msg": "no active live broadcast on the channel"}
2026-09-05 10:00:28 check 2/6: {"status": "OFFLINE", "msg": "no active live broadcast on the channel"}
2026-09-05 10:00:40 check 3/6: {"status": "OFFLINE", "msg": "no active live broadcast on the channel"}
2026-09-05 10:00:53 check 4/6: {"status": "OFFLINE", "msg": "no active live broadcast on the channel"}
2026-09-05 10:01:06 check 5/6: {"status": "OFFLINE", "msg": "no active live broadcast on the channel"}
2026-09-05 10:01:19 check 6/6: {"status": "OFFLINE", "msg": "no active live broadcast on the channel"}
2026-09-05 10:01:19 ACTION: channel OFFLINE - requesting a broadcast rotation (stop, gap, start)
2026-09-05 10:02:40 golden reference refreshed from latest publisher start frame
2026-09-05 10:02:41 check 1/6: {"status": "OFFLINE", "msg": "no active live broadcast on the channel"}
2026-09-05 10:02:54 check 2/6: {"status": "OFFLINE", "msg": "no active live broadcast on the channel"}
2026-09-05 10:03:06 check 3/6: {"status": "OFFLINE", "msg": "no active live broadcast on the channel"}
2026-09-05 10:03:19 check 4/6: {"status": "OFFLINE", "msg": "no active live broadcast on the channel"}
2026-09-05 10:03:32 check 5/6: {"status": "OFFLINE", "msg": "no active live broadcast on the channel"}
2026-09-05 10:03:46 check 6/6: {"status": "OFFLINE", "msg": "no active live broadcast on the channel"}
2026-09-05 10:03:46 ACTION: channel OFFLINE - requesting a broadcast rotation (stop, gap, start)
2026-09-05 10:05:06 golden reference refreshed from latest publisher start frame
2026-09-05 10:05:08 check 1/6: {"status": "OFFLINE", "msg": "no active live broadcast on the channel"}
2026-09-05 10:05:22 check 2/6: {"status": "OFFLINE", "msg": "no active live broadcast on the channel"}
2026-09-05 10:05:35 check 3/6: {"status": "OFFLINE", "msg": "no active live broadcast on the channel"}
2026-09-05 10:05:47 check 4/6: {"status": "OFFLINE", "msg": "no active live broadcast on the channel"}
2026-09-05 10:06:01 check 5/6: {"status": "OFFLINE", "msg": "no active live broadcast on the channel"}
2026-09-05 10:06:16 check 6/6: {"status": "OFFLINE", "msg": "no active live broadcast on the channel"}
2026-09-05 10:06:16 ACTION: channel OFFLINE - requesting a broadcast rotation (stop, gap, start)
2026-09-05 10:07:26 golden reference refreshed from latest publisher start frame
2026-09-05 10:07:28 check 1/6: {"status": "OFFLINE", "msg": "no active live broadcast on the channel"}
2026-09-05 10:07:40 check 2/6: {"status": "OFFLINE", "msg": "no active live broadcast on the channel"}
2026-09-05 10:07:52 check 3/6: {"status": "OFFLINE", "msg": "no active live broadcast on the channel"}
2026-09-05 10:08:06 check 4/6: {"status": "OFFLINE", "msg": "no active live broadcast on the channel"}
2026-09-05 10:08:19 check 5/6: {"status": "OFFLINE", "msg": "no active live broadcast on the channel"}
2026-09-05 10:08:32 check 6/6: {"status": "OFFLINE", "msg": "no active live broadcast on the channel"}
2026-09-05 10:08:32 ACTION: channel OFFLINE - requesting a broadcast rotation (stop, gap, start)
2026-09-05 10:09:42 golden reference refreshed from latest publisher start frame
2026-09-05 10:09:44 check 1/6: {"status": "OFFLINE", "msg": "no active live broadcast on the channel"}
2026-09-05 10:09:56 check 2/6: {"status": "OFFLINE", "msg": "no active live broadcast on the channel"}
2026-09-05 10:10:09 check 3/6: {"status": "OFFLINE", "msg": "no active live broadcast on the channel"}
2026-09-05 10:10:22 check 4/6: {"status": "OFFLINE", "msg": "no active live broadcast on the channel"}
2026-09-05 10:10:35 check 5/6: {"status": "OFFLINE", "msg": "no active live broadcast on the channel"}
2026-09-05 10:10:48 check 6/6: {"status": "OFFLINE", "msg": "no active live broadcast on the channel"}
2026-09-05 10:10:48 ACTION: channel OFFLINE - requesting a broadcast rotation (stop, gap, start)
2026-09-05 10:11:59 golden reference refreshed from latest publisher start frame
2026-09-05 10:12:00 check 1/6: {"status": "OFFLINE", "msg": "no active live broadcast on the channel"}
2026-09-05 10:12:12 check 2/6: {"status": "OFFLINE", "msg": "no active live broadcast on the channel"}
2026-09-05 10:12:25 check 3/6: {"status": "OFFLINE", "msg": "no active live broadcast on the channel"}
2026-09-05 10:12:37 check 4/6: {"status": "OFFLINE", "msg": "no active live broadcast on the channel"}
2026-09-05 10:12:50 check 5/6: {"status": "OFFLINE", "msg": "no active live broadcast on the channel"}
2026-09-05 10:13:04 check 6/6: {"status": "OFFLINE", "msg": "no active live broadcast on the channel"}
2026-09-05 10:13:04 ACTION: channel OFFLINE - requesting a broadcast rotation (stop, gap, start)
2026-09-05 10:14:25 golden reference refreshed from latest publisher start frame
2026-09-05 10:14:26 check 1/6: {"status": "OFFLINE", "msg": "no active live broadcast on the channel"}
2026-09-05 10:14:39 check 2/6: {"status": "OFFLINE", "msg": "no active live broadcast on the channel"}
2026-09-05 10:14:51 check 3/6: {"status": "OFFLINE", "msg": "no active live broadcast on the channel"}
2026-09-05 10:15:04 check 4/6: {"status": "OFFLINE", "msg": "no active live broadcast on the channel"}
2026-09-05 10:15:17 check 5/6: {"status": "OFFLINE", "msg": "no active live broadcast on the channel"}
2026-09-05 10:15:30 check 6/6: {"status": "OFFLINE", "msg": "no active live broadcast on the channel"}
2026-09-05 10:15:30 ACTION: channel OFFLINE - requesting a broadcast rotation (stop, gap, start)
2026-09-05 10:16:51 golden reference refreshed from latest publisher start frame
2026-09-05 10:16:53 check 1/6: {"status": "OFFLINE", "msg": "no active live broadcast on the channel"}
2026-09-05 10:17:06 check 2/6: {"status": "OFFLINE", "msg": "no active live broadcast on the channel"}
2026-09-05 10:17:19 check 3/6: {"status": "OFFLINE", "msg": "no active live broadcast on the channel"}
2026-09-05 10:17:32 check 4/6: {"status": "OFFLINE", "msg": "no active live broadcast on the channel"}
2026-09-05 10:17:45 check 5/6: {"status": "OFFLINE", "msg": "no active live broadcast on the channel"}
2026-09-05 10:17:58 check 6/6: {"status": "OFFLINE", "msg": "no active live broadcast on the channel"}
2026-09-05 10:17:58 ACTION: channel OFFLINE - requesting a broadcast rotation (stop, gap, start)
2026-09-05 10:19:08 golden reference refreshed from latest publisher start frame
2026-09-05 10:19:10 check 1/6: {"status": "OFFLINE", "msg": "no active live broadcast on the channel"}
2026-09-05 10:19:22 check 2/6: {"status": "OFFLINE", "msg": "no active live broadcast on the channel"}
2026-09-05 10:19:35 check 3/6: {"status": "OFFLINE", "msg": "no active live broadcast on the channel"}
2026-09-05 10:19:48 check 4/6: {"status": "OFFLINE", "msg": "no active live broadcast on the channel"}
2026-09-05 10:20:01 check 5/6: {"status": "OFFLINE", "msg": "no active live broadcast on the channel"}
2026-09-05 10:20:14 check 6/6: {"status": "OFFLINE", "msg": "no active live broadcast on the channel"}
2026-09-05 10:20:14 ACTION: channel OFFLINE - requesting a broadcast rotation (stop, gap, start)
2026-09-05 10:21:25 golden reference refreshed from latest publisher start frame
2026-09-05 10:21:26 check 1/6: {"status": "OFFLINE", "msg": "no active live broadcast on the channel"}
2026-09-05 10:21:38 check 2/6: {"status": "OFFLINE", "msg": "no active live broadcast on the channel"}
2026-09-05 10:21:51 check 3/6: {"status": "OFFLINE", "msg": "no active live broadcast on the channel"}
2026-09-05 10:22:04 check 4/6: {"status": "OFFLINE", "msg": "no active live broadcast on the channel"}
2026-09-05 10:22:17 check 5/6: {"status": "OFFLINE", "msg": "no active live broadcast on the channel"}
2026-09-05 10:22:30 check 6/6: {"status": "OFFLINE", "msg": "no active live broadcast on the channel"}
2026-09-05 10:22:30 ACTION: channel OFFLINE - requesting a broadcast rotation (stop, gap, start)
2026-09-05 10:23:41 golden reference refreshed from latest publisher start frame
2026-09-05 10:23:42 check 1/6: {"status": "OFFLINE", "msg": "no active live broadcast on the channel"}
2026-09-05 10:23:54 check 2/6: {"status": "OFFLINE", "msg": "no active live broadcast on the channel"}
2026-09-05 10:24:07 check 3/6: {"status": "OFFLINE", "msg": "no active live broadcast on the channel"}
2026-09-05 10:24:20 check 4/6: {"status": "OFFLINE", "msg": "no active live broadcast on the channel"}
2026-09-05 10:24:33 check 5/6: {"status": "OFFLINE", "msg": "no active live broadcast on the channel"}
2026-09-05 10:24:46 check 6/6: {"status": "OFFLINE", "msg": "no active live broadcast on the channel"}
2026-09-05 10:24:46 ACTION: channel OFFLINE - requesting a broadcast rotation (stop, gap, start)
2026-09-05 10:26:06 golden reference refreshed from latest publisher start frame
2026-09-05 10:26:08 check 1/6: {"status": "OFFLINE", "msg": "no active live broadcast on the channel"}
2026-09-05 10:26:20 check 2/6: {"status": "OFFLINE", "msg": "no active live broadcast on the channel"}
2026-09-05 10:26:33 check 3/6: {"status": "OFFLINE", "msg": "no active live broadcast on the channel"}
2026-09-05 10:26:46 check 4/6: {"status": "OFFLINE", "msg": "no active live broadcast on the channel"}
2026-09-05 10:26:59 check 5/6: {"status": "OFFLINE", "msg": "no active live broadcast on the channel"}
2026-09-05 10:27:12 check 6/6: {"status": "OFFLINE", "msg": "no active live broadcast on the channel"}
2026-09-05 10:27:12 ACTION: channel OFFLINE - requesting a broadcast rotation (stop, gap, start)
2026-09-05 10:28:33 golden reference refreshed from latest publisher start frame
2026-09-05 10:28:34 check 1/6: {"status": "OFFLINE", "msg": "no active live broadcast on the channel"}
2026-09-05 10:28:47 check 2/6: {"status": "OFFLINE", "msg": "no active live broadcast on the channel"}
2026-09-05 10:29:00 check 3/6: {"status": "OFFLINE", "msg": "no active live broadcast on the channel"}
2026-09-05 10:29:13 check 4/6: {"status": "OFFLINE", "msg": "no active live broadcast on the channel"}
2026-09-05 10:29:26 check 5/6: {"status": "OFFLINE", "msg": "no active live broadcast on the channel"}
2026-09-05 10:29:39 check 6/6: {"status": "OFFLINE", "msg": "no active live broadcast on the channel"}
2026-09-05 10:29:39 ACTION: channel OFFLINE - requesting a broadcast rotation (stop, gap, start)
2026-09-05 10:30:50 golden reference refreshed from latest publisher start frame
2026-09-05 10:30:51 check 1/6: {"status": "OFFLINE", "msg": "no active live broadcast on the channel"}
2026-09-05 10:31:03 check 2/6: {"status": "OFFLINE", "msg": "no active live broadcast on the channel"}
2026-09-05 10:31:16 check 3/6: {"status": "OFFLINE", "msg": "no active live broadcast on the channel"}
2026-09-05 10:31:29 check 4/6: {"status": "OFFLINE", "msg": "no active live broadcast on the channel"}
2026-09-05 10:31:42 check 5/6: {"status": "OFFLINE", "msg": "no active live broadcast on the channel"}
2026-09-05 10:31:55 check 6/6: {"status": "OFFLINE", "msg": "no active live broadcast on the channel"}
2026-09-05 10:31:55 ACTION: channel OFFLINE - requesting a broadcast rotation (stop, gap, start)
2026-09-05 10:33:15 golden reference refreshed from latest publisher start frame
2026-09-05 10:33:17 check 1/6: {"status": "OFFLINE", "msg": "no active live broadcast on the channel"}
2026-09-05 10:33:29 check 2/6: {"status": "OFFLINE", "msg": "no active live broadcast on the channel"}
2026-09-05 10:33:42 check 3/6: {"status": "OFFLINE", "msg": "no active live broadcast on the channel"}
2026-09-05 10:33:54 check 4/6: {"status": "OFFLINE", "msg": "no active live broadcast on the channel"}
2026-09-05 10:34:08 check 5/6: {"status": "OFFLINE", "msg": "no active live broadcast on the channel"}
2026-09-05 10:34:21 check 6/6: {"status": "OFFLINE", "msg": "no active live broadcast on the channel"}
2026-09-05 10:34:21 ACTION: channel OFFLINE - requesting a broadcast rotation (stop, gap, start)
2026-09-05 10:35:31 golden reference refreshed from latest publisher start frame
2026-09-05 10:35:33 check 1/6: {"status": "OFFLINE", "msg": "no active live broadcast on the channel"}
2026-09-05 10:35:45 check 2/6: {"status": "OFFLINE", "msg": "no active live broadcast on the channel"}
2026-09-05 10:35:58 check 3/6: {"status": "OFFLINE", "msg": "no active live broadcast on the channel"}
2026-09-05 10:36:11 check 4/6: {"status": "OFFLINE", "msg": "no active live broadcast on the channel"}
2026-09-05 10:36:24 check 5/6: {"status": "OFFLINE", "msg": "no active live broadcast on the channel"}
2026-09-05 10:36:37 check 6/6: {"status": "OFFLINE", "msg": "no active live broadcast on the channel"}
2026-09-05 10:36:37 ACTION: channel OFFLINE - requesting a broadcast rotation (stop, gap, start)
2026-09-05 10:37:47 golden reference refreshed from latest publisher start frame
2026-09-05 10:37:49 check 1/6: {"status": "OFFLINE", "msg": "no active live broadcast on the channel"}
2026-09-05 10:38:00 check 2/6: {"status": "OFFLINE", "msg": "no active live broadcast on the channel"}
2026-09-05 10:38:13 check 3/6: {"status": "OFFLINE", "msg": "no active live broadcast on the channel"}
2026-09-05 10:38:25 check 4/6: {"status": "OFFLINE", "msg": "no active live broadcast on the channel"}
2026-09-05 10:38:38 check 5/6: {"status": "OFFLINE", "msg": "no active live broadcast on the channel"}
2026-09-05 10:38:52 check 6/6: {"status": "OFFLINE", "msg": "no active live broadcast on the channel"}
2026-09-05 10:38:52 ACTION: channel OFFLINE - requesting a broadcast rotation (stop, gap, start)
2026-09-05 10:40:02 golden reference refreshed from latest publisher start frame
2026-09-05 10:40:04 check 1/6: {"status": "OFFLINE", "msg": "no active live broadcast on the channel"}
2026-09-05 10:40:15 check 2/6: {"status": "OFFLINE", "msg": "no active live broadcast on the channel"}
2026-09-05 10:40:28 check 3/6: {"status": "OFFLINE", "msg": "no active live broadcast on the channel"}
2026-09-05 10:40:41 check 4/6: {"status": "OFFLINE", "msg": "no active live broadcast on the channel"}
2026-09-05 10:40:53 check 5/6: {"status": "OFFLINE", "msg": "no active live broadcast on the channel"}
2026-09-05 10:41:07 check 6/6: {"status": "OFFLINE", "msg": "no active live broadcast on the channel"}
2026-09-05 10:41:07 ACTION: channel OFFLINE - requesting a broadcast rotation (stop, gap, start)
2026-09-05 10:42:17 golden reference refreshed from latest publisher start frame
2026-09-05 10:42:18 check 1/6: {"status": "OFFLINE", "msg": "no active live broadcast on the channel"}
2026-09-05 10:42:31 check 2/6: {"status": "OFFLINE", "msg": "no active live broadcast on the channel"}
2026-09-05 10:42:44 check 3/6: {"status": "OFFLINE", "msg": "no active live broadcast on the channel"}
2026-09-05 10:42:57 check 4/6: {"status": "OFFLINE", "msg": "no active live broadcast on the channel"}
2026-09-05 10:43:10 check 5/6: {"status": "OFFLINE", "msg": "no active live broadcast on the channel"}
2026-09-05 10:43:23 check 6/6: {"status": "OFFLINE", "msg": "no active live broadcast on the channel"}
2026-09-05 10:43:23 ACTION: channel OFFLINE - requesting a broadcast rotation (stop, gap, start)
2026-09-05 10:44:43 golden reference refreshed from latest publisher start frame
2026-09-05 10:44:45 check 1/6: {"status": "OFFLINE", "msg": "no active live broadcast on the channel"}
2026-09-05 10:44:58 check 2/6: {"status": "OFFLINE", "msg": "no active live broadcast on the channel"}
2026-09-05 10:45:10 check 3/6: {"status": "OFFLINE", "msg": "no active live broadcast on the channel"}
2026-09-05 10:45:23 check 4/6: {"status": "OFFLINE", "msg": "no active live broadcast on the channel"}
2026-09-05 10:45:36 check 5/6: {"status": "OFFLINE", "msg": "no active live broadcast on the channel"}
2026-09-05 10:45:50 check 6/6: {"status": "OFFLINE", "msg": "no active live broadcast on the channel"}
2026-09-05 10:45:50 ACTION: channel OFFLINE - requesting a broadcast rotation (stop, gap, start)
2026-09-05 10:47:00 golden reference refreshed from latest publisher start frame
2026-09-05 10:47:02 check 1/6: {"status": "OFFLINE", "msg": "no active live broadcast on the channel"}
2026-09-05 10:47:14 check 2/6: {"status": "OFFLINE", "msg": "no active live broadcast on the channel"}
2026-09-05 10:47:27 check 3/6: {"status": "OFFLINE", "msg": "no active live broadcast on the channel"}
2026-09-05 10:47:40 check 4/6: {"status": "OFFLINE", "msg": "no active live broadcast on the channel"}
2026-09-05 10:47:53 check 5/6: {"status": "OFFLINE", "msg": "no active live broadcast on the channel"}
2026-09-05 10:48:06 check 6/6: {"status": "OFFLINE", "msg": "no active live broadcast on the channel"}
2026-09-05 10:48:07 ACTION: channel OFFLINE - requesting a broadcast rotation (stop, gap, start)
2026-09-05 10:49:17 golden reference refreshed from latest publisher start frame
2026-09-05 10:49:19 check 1/6: {"status": "OFFLINE", "msg": "no active live broadcast on the channel"}
2026-09-05 10:49:31 check 2/6: {"status": "OFFLINE", "msg": "no active live broadcast on the channel"}
2026-09-05 10:49:44 check 3/6: {"status": "OFFLINE", "msg": "no active live broadcast on the channel"}
2026-09-05 10:49:57 check 4/6: {"status": "OFFLINE", "msg": "no active live broadcast on the channel"}
2026-09-05 10:50:10 check 5/6: {"status": "OFFLINE", "msg": "no active live broadcast on the channel"}
2026-09-05 10:50:23 check 6/6: {"status": "OFFLINE", "msg": "no active live broadcast on the channel"}
2026-09-05 10:50:23 ACTION: channel OFFLINE - requesting a broadcast rotation (stop, gap, start)
2026-09-05 10:51:44 golden reference refreshed from latest publisher start frame
2026-09-05 10:51:45 check 1/6: {"status": "OFFLINE", "msg": "no active live broadcast on the channel"}
2026-09-05 10:51:58 check 2/6: {"status": "OFFLINE", "msg": "no active live broadcast on the channel"}
2026-09-05 10:52:11 check 3/6: {"status": "OFFLINE", "msg": "no active live broadcast on the channel"}
2026-09-05 10:52:24 check 4/6: {"status": "OFFLINE", "msg": "no active live broadcast on the channel"}
2026-09-05 10:52:37 check 5/6: {"status": "OFFLINE", "msg": "no active live broadcast on the channel"}
2026-09-05 10:52:50 check 6/6: {"status": "OFFLINE", "msg": "no active live broadcast on the channel"}
2026-09-05 10:52:50 ACTION: channel OFFLINE - requesting a broadcast rotation (stop, gap, start)
2026-09-05 10:54:01 golden reference refreshed from latest publisher start frame
2026-09-05 10:54:03 check 1/6: {"status": "OFFLINE", "msg": "no active live broadcast on the channel"}
2026-09-05 10:54:15 check 2/6: {"status": "OFFLINE", "msg": "no active live broadcast on the channel"}
2026-09-05 10:54:28 check 3/6: {"status": "OFFLINE", "msg": "no active live broadcast on the channel"}
2026-09-05 10:54:42 check 4/6: {"status": "OFFLINE", "msg": "no active live broadcast on the channel"}
2026-09-05 10:54:55 check 5/6: {"status": "OFFLINE", "msg": "no active live broadcast on the channel"}
2026-09-05 10:55:08 check 6/6: {"status": "OFFLINE", "msg": "no active live broadcast on the channel"}
2026-09-05 10:55:08 ACTION: channel OFFLINE - requesting a broadcast rotation (stop, gap, start)
2026-09-05 10:56:29 golden reference refreshed from latest publisher start frame
2026-09-05 10:56:31 check 1/6: {"status": "OFFLINE", "msg": "no active live broadcast on the channel"}
2026-09-05 10:56:44 check 2/6: {"status": "OFFLINE", "msg": "no active live broadcast on the channel"}
2026-09-05 10:56:57 check 3/6: {"status": "OFFLINE", "msg": "no active live broadcast on the channel"}
2026-09-05 10:57:11 check 4/6: {"status": "OFFLINE", "msg": "no active live broadcast on the channel"}
2026-09-05 10:57:25 check 5/6: {"status": "OFFLINE", "msg": "no active live broadcast on the channel"}
2026-09-05 10:57:38 check 6/6: {"status": "OFFLINE", "msg": "no active live broadcast on the channel"}
2026-09-05 10:57:38 ACTION: channel OFFLINE - requesting a broadcast rotation (stop, gap, start)
2026-09-05 10:58:48 golden reference refreshed from latest publisher start frame
2026-09-05 10:58:50 check 1/6: {"status": "OFFLINE", "msg": "no active live broadcast on the channel"}
2026-09-05 10:59:03 check 2/6: {"status": "OFFLINE", "msg": "no active live broadcast on the channel"}
2026-09-05 10:59:16 check 3/6: {"status": "OFFLINE", "msg": "no active live broadcast on the channel"}
2026-09-05 10:59:29 check 4/6: {"status": "OFFLINE", "msg": "no active live broadcast on the channel"}
2026-09-05 10:59:44 check 5/6: {"status": "OFFLINE", "msg": "no active live broadcast on the channel"}
2026-09-05 10:59:57 check 6/6: {"status": "OFFLINE", "msg": "no active live broadcast on the channel"}
2026-09-05 10:59:57 ACTION: channel OFFLINE - requesting a broadcast rotation (stop, gap, start)
2026-09-05 11:01:18 golden reference refreshed from latest publisher start frame
2026-09-05 11:01:21 check 1/6: {"status": "OFFLINE", "msg": "no active live broadcast on the channel"}
2026-09-05 11:01:34 check 2/6: {"status": "OFFLINE", "msg": "no active live broadcast on the channel"}
2026-09-05 11:01:47 check 3/6: {"status": "OFFLINE", "msg": "no active live broadcast on the channel"}
2026-09-05 11:02:00 check 4/6: {"status": "OFFLINE", "msg": "no active live broadcast on the channel"}
2026-09-05 11:02:14 check 5/6: {"status": "OFFLINE", "msg": "no active live broadcast on the channel"}
2026-09-05 11:02:27 check 6/6: {"status": "OFFLINE", "msg": "no active live broadcast on the channel"}
2026-09-05 11:02:27 ACTION: channel OFFLINE - requesting a broadcast rotation (stop, gap, start)
2026-09-05 11:03:37 golden reference refreshed from latest publisher start frame
2026-09-05 11:03:39 check 1/6: {"status": "OFFLINE", "msg": "no active live broadcast on the channel"}
2026-09-05 11:03:51 check 2/6: {"status": "OFFLINE", "msg": "no active live broadcast on the channel"}
2026-09-05 11:04:05 check 3/6: {"status": "OFFLINE", "msg": "no active live broadcast on the channel"}
2026-09-05 11:04:18 check 4/6: {"status": "OFFLINE", "msg": "no active live broadcast on the channel"}
2026-09-05 11:04:31 check 5/6: {"status": "OFFLINE", "msg": "no active live broadcast on the channel"}
2026-09-05 11:04:45 check 6/6: {"status": "OFFLINE", "msg": "no active live broadcast on the channel"}
2026-09-05 11:04:45 ACTION: channel OFFLINE - requesting a broadcast rotation (stop, gap, start)
2026-09-05 11:05:55 golden reference refreshed from latest publisher start frame
2026-09-05 11:05:57 check 1/6: {"status": "OFFLINE", "msg": "no active live broadcast on the channel"}
2026-09-05 11:06:09 check 2/6: {"status": "OFFLINE", "msg": "no active live broadcast on the channel"}
2026-09-05 11:06:22 check 3/6: {"status": "OFFLINE", "msg": "no active live broadcast on the channel"}
2026-09-05 11:06:36 check 4/6: {"status": "OFFLINE", "msg": "no active live broadcast on the channel"}
2026-09-05 11:06:49 check 5/6: {"status": "OFFLINE", "msg": "no active live broadcast on the channel"}
2026-09-05 11:07:02 check 6/6: {"status": "OFFLINE", "msg": "no active live broadcast on the channel"}
2026-09-05 11:07:02 ACTION: channel OFFLINE - requesting a broadcast rotation (stop, gap, start)
2026-09-05 11:08:13 golden reference refreshed from latest publisher start frame
2026-09-05 11:08:14 check 1/6: {"status": "OFFLINE", "msg": "no active live broadcast on the channel"}
2026-09-05 11:08:27 check 2/6: {"status": "OFFLINE", "msg": "no active live broadcast on the channel"}
2026-09-05 11:08:40 check 3/6: {"status": "OFFLINE", "msg": "no active live broadcast on the channel"}
2026-09-05 11:08:53 check 4/6: {"status": "OFFLINE", "msg": "no active live broadcast on the channel"}
2026-09-05 11:09:06 check 5/6: {"status": "OFFLINE", "msg": "no active live broadcast on the channel"}
2026-09-05 11:09:19 check 6/6: {"status": "OFFLINE", "msg": "no active live broadcast on the channel"}
2026-09-05 11:09:19 ACTION: channel OFFLINE - requesting a broadcast rotation (stop, gap, start)
2026-09-05 11:10:30 golden reference refreshed from latest publisher start frame
2026-09-05 11:10:32 check 1/6: {"status": "OFFLINE", "msg": "no active live broadcast on the channel"}
2026-09-05 11:10:44 check 2/6: {"status": "OFFLINE", "msg": "no active live broadcast on the channel"}
2026-09-05 11:10:57 check 3/6: {"status": "OFFLINE", "msg": "no active live broadcast on the channel"}
2026-09-05 11:11:11 check 4/6: {"status": "OFFLINE", "msg": "no active live broadcast on the channel"}
2026-09-05 11:11:24 check 5/6: {"status": "OFFLINE", "msg": "no active live broadcast on the channel"}
2026-09-05 11:11:37 check 6/6: {"status": "OFFLINE", "msg": "no active live broadcast on the channel"}
2026-09-05 11:11:37 ACTION: channel OFFLINE - requesting a broadcast rotation (stop, gap, start)
2026-09-05 11:12:48 golden reference refreshed from latest publisher start frame
2026-09-05 11:12:49 check 1/6: {"status": "OFFLINE", "msg": "no active live broadcast on the channel"}
2026-09-05 11:13:02 check 2/6: {"status": "OFFLINE", "msg": "no active live broadcast on the channel"}
2026-09-05 11:13:16 check 3/6: {"status": "OFFLINE", "msg": "no active live broadcast on the channel"}
2026-09-05 11:13:29 check 4/6: {"status": "OFFLINE", "msg": "no active live broadcast on the channel"}
2026-09-05 11:13:42 check 5/6: {"status": "OFFLINE", "msg": "no active live broadcast on the channel"}
2026-09-05 11:13:56 check 6/6: {"status": "OFFLINE", "msg": "no active live broadcast on the channel"}
2026-09-05 11:13:56 ACTION: channel OFFLINE - requesting a broadcast rotation (stop, gap, start)
2026-09-05 11:15:16 golden reference refreshed from latest publisher start frame
2026-09-05 11:15:18 check 1/6: {"status": "OFFLINE", "msg": "no active live broadcast on the channel"}
2026-09-05 11:15:31 check 2/6: {"status": "OFFLINE", "msg": "no active live broadcast on the channel"}
2026-09-05 11:15:44 check 3/6: {"status": "OFFLINE", "msg": "no active live broadcast on the channel"}
2026-09-05 11:15:58 check 4/6: {"status": "OFFLINE", "msg": "no active live broadcast on the channel"}
2026-09-05 11:16:11 check 5/6: {"status": "OFFLINE", "msg": "no active live broadcast on the channel"}
2026-09-05 11:16:24 check 6/6: {"status": "OFFLINE", "msg": "no active live broadcast on the channel"}
2026-09-05 11:16:24 ACTION: channel OFFLINE - requesting a broadcast rotation (stop, gap, start)
2026-09-05 11:17:35 golden reference refreshed from latest publisher start frame
2026-09-05 11:17:37 check 1/6: {"status": "OFFLINE", "msg": "no active live broadcast on the channel"}
2026-09-05 11:17:49 check 2/6: {"status": "OFFLINE", "msg": "no active live broadcast on the channel"}
2026-09-05 11:18:02 check 3/6: {"status": "OFFLINE", "msg": "no active live broadcast on the channel"}
2026-09-05 11:18:15 check 4/6: {"status": "OFFLINE", "msg": "no active live broadcast on the channel"}
2026-09-05 11:18:28 check 5/6: {"status": "OFFLINE", "msg": "no active live broadcast on the channel"}
2026-09-05 11:18:42 check 6/6: {"status": "OFFLINE", "msg": "no active live broadcast on the channel"}
2026-09-05 11:18:42 ACTION: channel OFFLINE - requesting a broadcast rotation (stop, gap, start)
2026-09-05 11:19:52 golden reference refreshed from latest publisher start frame
2026-09-05 11:19:54 check 1/6: {"status": "OFFLINE", "msg": "no active live broadcast on the channel"}
2026-09-05 11:20:07 check 2/6: {"status": "OFFLINE", "msg": "no active live broadcast on the channel"}
2026-09-05 11:20:20 check 3/6: {"status": "OFFLINE", "msg": "no active live broadcast on the channel"}
2026-09-05 11:20:33 check 4/6: {"status": "OFFLINE", "msg": "no active live broadcast on the channel"}
2026-09-05 11:20:47 check 5/6: {"status": "OFFLINE", "msg": "no active live broadcast on the channel"}
2026-09-05 11:21:00 check 6/6: {"status": "OFFLINE", "msg": "no active live broadcast on the channel"}
2026-09-05 11:21:00 ACTION: channel OFFLINE - requesting a broadcast rotation (stop, gap, start)
2026-09-05 11:22:10 golden reference refreshed from latest publisher start frame
2026-09-05 11:22:12 check 1/6: {"status": "OFFLINE", "msg": "no active live broadcast on the channel"}
2026-09-05 11:22:25 check 2/6: {"status": "OFFLINE", "msg": "no active live broadcast on the channel"}
2026-09-05 11:22:38 check 3/6: {"status": "OFFLINE", "msg": "no active live broadcast on the channel"}
2026-09-05 11:22:51 check 4/6: {"status": "OFFLINE", "msg": "no active live broadcast on the channel"}
2026-09-05 11:23:04 check 5/6: {"status": "OFFLINE", "msg": "no active live broadcast on the channel"}
2026-09-05 11:23:18 check 6/6: {"status": "OFFLINE", "msg": "no active live broadcast on the channel"}
2026-09-05 11:23:18 ACTION: channel OFFLINE - requesting a broadcast rotation (stop, gap, start)
2026-09-05 11:24:39 golden reference refreshed from latest publisher start frame
2026-09-05 11:24:41 check 1/6: {"status": "OFFLINE", "msg": "no active live broadcast on the channel"}
2026-09-05 11:24:54 check 2/6: {"status": "OFFLINE", "msg": "no active live broadcast on the channel"}
2026-09-05 11:25:07 check 3/6: {"status": "OFFLINE", "msg": "no active live broadcast on the channel"}
2026-09-05 11:25:20 check 4/6: {"status": "OFFLINE", "msg": "no active live broadcast on the channel"}
2026-09-05 11:25:34 check 5/6: {"status": "OFFLINE", "msg": "no active live broadcast on the channel"}
2026-09-05 11:25:47 check 6/6: {"status": "OFFLINE", "msg": "no active live broadcast on the channel"}
2026-09-05 11:25:47 ACTION: channel OFFLINE - requesting a broadcast rotation (stop, gap, start)
2026-09-05 11:26:57 golden reference refreshed from latest publisher start frame
2026-09-05 11:26:59 check 1/6: {"status": "OFFLINE", "msg": "no active live broadcast on the channel"}
2026-09-05 11:27:12 check 2/6: {"status": "OFFLINE", "msg": "no active live broadcast on the channel"}
2026-09-05 11:27:25 check 3/6: {"status": "OFFLINE", "msg": "no active live broadcast on the channel"}
2026-09-05 11:27:38 check 4/6: {"status": "OFFLINE", "msg": "no active live broadcast on the channel"}
2026-09-05 11:27:52 check 5/6: {"status": "OFFLINE", "msg": "no active live broadcast on the channel"}
2026-09-05 11:28:05 check 6/6: {"status": "OFFLINE", "msg": "no active live broadcast on the channel"}
2026-09-05 11:28:05 ACTION: channel OFFLINE - requesting a broadcast rotation (stop, gap, start)
2026-09-05 11:29:16 golden reference refreshed from latest publisher start frame
2026-09-05 11:29:17 check 1/6: {"status": "OFFLINE", "msg": "no active live broadcast on the channel"}
2026-09-05 11:29:31 check 2/6: {"status": "OFFLINE", "msg": "no active live broadcast on the channel"}
2026-09-05 11:29:44 check 3/6: {"status": "OFFLINE", "msg": "no active live broadcast on the channel"}
2026-09-05 11:29:57 check 4/6: {"status": "OFFLINE", "msg": "no active live broadcast on the channel"}
2026-09-05 11:30:11 check 5/6: {"status": "OFFLINE", "msg": "no active live broadcast on the channel"}
2026-09-05 11:30:24 check 6/6: {"status": "OFFLINE", "msg": "no active live broadcast on the channel"}
2026-09-05 11:30:24 ACTION: channel OFFLINE - requesting a broadcast rotation (stop, gap, start)
2026-09-05 11:31:34 golden reference refreshed from latest publisher start frame
2026-09-05 11:31:36 check 1/6: {"status": "OFFLINE", "msg": "no active live broadcast on the channel"}
2026-09-05 11:31:48 check 2/6: {"status": "OFFLINE", "msg": "no active live broadcast on the channel"}
2026-09-05 11:32:01 check 3/6: {"status": "OFFLINE", "msg": "no active live broadcast on the channel"}
2026-09-05 11:32:14 check 4/6: {"status": "OFFLINE", "msg": "no active live broadcast on the channel"}
2026-09-05 11:32:28 check 5/6: {"status": "OFFLINE", "msg": "no active live broadcast on the channel"}
2026-09-05 11:32:41 check 6/6: {"status": "OFFLINE", "msg": "no active live broadcast on the channel"}
2026-09-05 11:32:41 ACTION: channel OFFLINE - requesting a broadcast rotation (stop, gap, start)
2026-09-05 11:33:51 golden reference refreshed from latest publisher start frame
2026-09-05 11:33:53 check 1/6: {"status": "OFFLINE", "msg": "no active live broadcast on the channel"}
2026-09-05 11:34:05 check 2/6: {"status": "OFFLINE", "msg": "no active live broadcast on the channel"}
2026-09-05 11:34:18 check 3/6: {"status": "OFFLINE", "msg": "no active live broadcast on the channel"}
2026-09-05 11:34:32 check 4/6: {"status": "OFFLINE", "msg": "no active live broadcast on the channel"}
2026-09-05 11:34:45 check 5/6: {"status": "OFFLINE", "msg": "no active live broadcast on the channel"}
2026-09-05 11:34:58 check 6/6: {"status": "OFFLINE", "msg": "no active live broadcast on the channel"}
2026-09-05 11:34:58 ACTION: channel OFFLINE - requesting a broadcast rotation (stop, gap, start)
2026-09-05 11:36:19 golden reference refreshed from latest publisher start frame
2026-09-05 11:36:21 check 1/6: {"status": "OFFLINE", "msg": "no active live broadcast on the channel"}
2026-09-05 11:36:34 check 2/6: {"status": "OFFLINE", "msg": "no active live broadcast on the channel"}
2026-09-05 11:36:47 check 3/6: {"status": "OFFLINE", "msg": "no active live broadcast on the channel"}
2026-09-05 11:37:00 check 4/6: {"status": "OFFLINE", "msg": "no active live broadcast on the channel"}
2026-09-05 11:37:14 check 5/6: {"status": "OFFLINE", "msg": "no active live broadcast on the channel"}
2026-09-05 11:37:27 check 6/6: {"status": "OFFLINE", "msg": "no active live broadcast on the channel"}
2026-09-05 11:37:27 ACTION: channel OFFLINE - requesting a broadcast rotation (stop, gap, start)
2026-09-05 11:38:48 golden reference refreshed from latest publisher start frame
2026-09-05 11:38:49 check 1/6: {"status": "OFFLINE", "msg": "no active live broadcast on the channel"}
2026-09-05 11:39:02 check 2/6: {"status": "OFFLINE", "msg": "no active live broadcast on the channel"}
2026-09-05 11:39:15 check 3/6: {"status": "OFFLINE", "msg": "no active live broadcast on the channel"}
2026-09-05 11:39:28 check 4/6: {"status": "OFFLINE", "msg": "no active live broadcast on the channel"}
2026-09-05 11:39:42 check 5/6: {"status": "OFFLINE", "msg": "no active live broadcast on the channel"}
2026-09-05 11:39:55 check 6/6: {"status": "OFFLINE", "msg": "no active live broadcast on the channel"}
2026-09-05 11:39:55 ACTION: channel OFFLINE - requesting a broadcast rotation (stop, gap, start)
2026-09-05 11:41:16 golden reference refreshed from latest publisher start frame
2026-09-05 11:41:17 check 1/6: {"status": "OFFLINE", "msg": "no active live broadcast on the channel"}
2026-09-05 11:41:31 check 2/6: {"status": "OFFLINE", "msg": "no active live broadcast on the channel"}
2026-09-05 11:41:43 check 3/6: {"status": "OFFLINE", "msg": "no active live broadcast on the channel"}
2026-09-05 11:41:57 check 4/6: {"status": "OFFLINE", "msg": "no active live broadcast on the channel"}
2026-09-05 11:42:10 check 5/6: {"status": "OFFLINE", "msg": "no active live broadcast on the channel"}
2026-09-05 11:42:23 check 6/6: {"status": "OFFLINE", "msg": "no active live broadcast on the channel"}
2026-09-05 11:42:23 ACTION: channel OFFLINE - requesting a broadcast rotation (stop, gap, start)
2026-09-05 11:43:44 golden reference refreshed from latest publisher start frame
2026-09-05 11:43:46 check 1/6: {"status": "OFFLINE", "msg": "no active live broadcast on the channel"}
2026-09-05 11:43:59 check 2/6: {"status": "OFFLINE", "msg": "no active live broadcast on the channel"}
2026-09-05 11:44:12 check 3/6: {"status": "OFFLINE", "msg": "no active live broadcast on the channel"}
2026-09-05 11:44:25 check 4/6: {"status": "OFFLINE", "msg": "no active live broadcast on the channel"}
2026-09-05 11:44:39 check 5/6: {"status": "OFFLINE", "msg": "no active live broadcast on the channel"}
2026-09-05 11:44:52 check 6/6: {"status": "OFFLINE", "msg": "no active live broadcast on the channel"}
2026-09-05 11:44:52 ACTION: channel OFFLINE - requesting a broadcast rotation (stop, gap, start)
2026-09-05 11:46:02 golden reference refreshed from latest publisher start frame
2026-09-05 11:46:04 check 1/6: {"status": "OFFLINE", "msg": "no active live broadcast on the channel"}
2026-09-05 11:46:16 check 2/6: {"status": "OFFLINE", "msg": "no active live broadcast on the channel"}
2026-09-05 11:46:29 check 3/6: {"status": "OFFLINE", "msg": "no active live broadcast on the channel"}
2026-09-05 11:46:42 check 4/6: {"status": "OFFLINE", "msg": "no active live broadcast on the channel"}
2026-09-05 11:46:55 check 5/6: {"status": "OFFLINE", "msg": "no active live broadcast on the channel"}
2026-09-05 11:47:09 check 6/6: {"status": "OFFLINE", "msg": "no active live broadcast on the channel"}
2026-09-05 11:47:09 ACTION: channel OFFLINE - requesting a broadcast rotation (stop, gap, start)
2026-09-05 11:48:19 golden reference refreshed from latest publisher start frame
2026-09-05 11:48:21 check 1/6: {"status": "OFFLINE", "msg": "no active live broadcast on the channel"}
2026-09-05 11:48:33 check 2/6: {"status": "OFFLINE", "msg": "no active live broadcast on the channel"}
2026-09-05 11:48:46 check 3/6: {"status": "OFFLINE", "msg": "no active live broadcast on the channel"}
2026-09-05 11:49:00 check 4/6: {"status": "OFFLINE", "msg": "no active live broadcast on the channel"}
2026-09-05 11:49:13 check 5/6: {"status": "OFFLINE", "msg": "no active live broadcast on the channel"}
2026-09-05 11:49:26 check 6/6: {"status": "OFFLINE", "msg": "no active live broadcast on the channel"}
2026-09-05 11:49:26 ACTION: channel OFFLINE - requesting a broadcast rotation (stop, gap, start)
2026-09-05 11:50:36 golden reference refreshed from latest publisher start frame
2026-09-05 11:50:38 check 1/6: {"status": "OFFLINE", "msg": "no active live broadcast on the channel"}
2026-09-05 11:50:50 check 2/6: {"status": "OFFLINE", "msg": "no active live broadcast on the channel"}
2026-09-05 11:51:03 check 3/6: {"status": "OFFLINE", "msg": "no active live broadcast on the channel"}
2026-09-05 11:51:16 check 4/6: {"status": "OFFLINE", "msg": "no active live broadcast on the channel"}
2026-09-05 11:51:29 check 5/6: {"status": "OFFLINE", "msg": "no active live broadcast on the channel"}
2026-09-05 11:51:42 check 6/6: {"status": "OFFLINE", "msg": "no active live broadcast on the channel"}
2026-09-05 11:51:42 ACTION: channel OFFLINE - requesting a broadcast rotation (stop, gap, start)
2026-09-05 11:52:52 golden reference refreshed from latest publisher start frame
2026-09-05 11:52:54 check 1/6: {"status": "OFFLINE", "msg": "no active live broadcast on the channel"}
2026-09-05 11:53:06 check 2/6: {"status": "OFFLINE", "msg": "no active live broadcast on the channel"}
2026-09-05 11:53:18 check 3/6: {"status": "OFFLINE", "msg": "no active live broadcast on the channel"}
2026-09-05 11:53:31 check 4/6: {"status": "OFFLINE", "msg": "no active live broadcast on the channel"}
2026-09-05 11:53:44 check 5/6: {"status": "OFFLINE", "msg": "no active live broadcast on the channel"}
2026-09-05 11:53:57 check 6/6: {"status": "OFFLINE", "msg": "no active live broadcast on the channel"}
2026-09-05 11:53:57 ACTION: channel OFFLINE - requesting a broadcast rotation (stop, gap, start)
2026-09-05 11:55:08 golden reference refreshed from latest publisher start frame
2026-09-05 11:55:09 check 1/6: {"status": "OFFLINE", "msg": "no active live broadcast on the channel"}
2026-09-05 11:55:21 check 2/6: {"status": "OFFLINE", "msg": "no active live broadcast on the channel"}
2026-09-05 11:55:33 check 3/6: {"status": "OFFLINE", "msg": "no active live broadcast on the channel"}
2026-09-05 11:55:46 check 4/6: {"status": "OFFLINE", "msg": "no active live broadcast on the channel"}
2026-09-05 11:55:59 check 5/6: {"status": "OFFLINE", "msg": "no active live broadcast on the channel"}
2026-09-05 11:56:12 check 6/6: {"status": "OFFLINE", "msg": "no active live broadcast on the channel"}
2026-09-05 11:56:12 ACTION: channel OFFLINE - requesting a broadcast rotation (stop, gap, start)
2026-09-05 11:57:22 golden reference refreshed from latest publisher start frame
2026-09-05 11:57:24 check 1/6: {"status": "OFFLINE", "msg": "no active live broadcast on the channel"}
2026-09-05 11:57:35 check 2/6: {"status": "OFFLINE", "msg": "no active live broadcast on the channel"}
2026-09-05 11:57:48 check 3/6: {"status": "OFFLINE", "msg": "no active live broadcast on the channel"}
2026-09-05 11:58:00 check 4/6: {"status": "OFFLINE", "msg": "no active live broadcast on the channel"}
2026-09-05 11:58:13 check 5/6: {"status": "OFFLINE", "msg": "no active live broadcast on the channel"}
2026-09-05 11:58:26 check 6/6: {"status": "OFFLINE", "msg": "no active live broadcast on the channel"}
2026-09-05 11:58:26 ACTION: channel OFFLINE - requesting a broadcast rotation (stop, gap, start)
2026-09-05 11:59:37 golden reference refreshed from latest publisher start frame
2026-09-05 11:59:38 check 1/6: {"status": "OFFLINE", "msg": "no active live broadcast on the channel"}
2026-09-05 11:59:50 check 2/6: {"status": "OFFLINE", "msg": "no active live broadcast on the channel"}
2026-09-05 12:00:02 check 3/6: {"status": "OFFLINE", "msg": "no active live broadcast on the channel"}
2026-09-05 12:00:15 check 4/6: {"status": "OFFLINE", "msg": "no active live broadcast on the channel"}
2026-09-05 12:00:27 check 5/6: {"status": "OFFLINE", "msg": "no active live broadcast on the channel"}
2026-09-05 12:00:40 check 6/6: {"status": "OFFLINE", "msg": "no active live broadcast on the channel"}
2026-09-05 12:00:40 ACTION: channel OFFLINE - requesting a broadcast rotation (stop, gap, start)
2026-09-05 12:01:51 golden reference refreshed from latest publisher start frame
2026-09-05 12:01:52 check 1/6: {"status": "OFFLINE", "msg": "no active live broadcast on the channel"}
2026-09-05 12:02:04 check 2/6: {"status": "OFFLINE", "msg": "no active live broadcast on the channel"}
2026-09-05 12:02:18 check 3/6: {"status": "OFFLINE", "msg": "no active live broadcast on the channel"}
2026-09-05 12:02:31 check 4/6: {"status": "OFFLINE", "msg": "no active live broadcast on the channel"}
2026-09-05 12:02:43 check 5/6: {"status": "OFFLINE", "msg": "no active live broadcast on the channel"}
2026-09-05 12:02:56 check 6/6: {"status": "OFFLINE", "msg": "no active live broadcast on the channel"}
2026-09-05 12:02:56 ACTION: channel OFFLINE - requesting a broadcast rotation (stop, gap, start)
2026-09-05 12:04:16 golden reference refreshed from latest publisher start frame
2026-09-05 12:04:18 check 1/6: {"status": "OFFLINE", "msg": "no active live broadcast on the channel"}
2026-09-05 12:04:30 check 2/6: {"status": "OFFLINE", "msg": "no active live broadcast on the channel"}
2026-09-05 12:04:43 check 3/6: {"status": "OFFLINE", "msg": "no active live broadcast on the channel"}
2026-09-05 12:04:55 check 4/6: {"status": "OFFLINE", "msg": "no active live broadcast on the channel"}
2026-09-05 12:05:08 check 5/6: {"status": "OFFLINE", "msg": "no active live broadcast on the channel"}
2026-09-05 12:05:21 check 6/6: {"status": "OFFLINE", "msg": "no active live broadcast on the channel"}
2026-09-05 12:05:21 ACTION: channel OFFLINE - requesting a broadcast rotation (stop, gap, start)
2026-09-05 12:06:31 golden reference refreshed from latest publisher start frame
2026-09-05 12:06:33 check 1/6: {"status": "OFFLINE", "msg": "no active live broadcast on the channel"}
2026-09-05 12:06:45 check 2/6: {"status": "OFFLINE", "msg": "no active live broadcast on the channel"}
2026-09-05 12:06:57 check 3/6: {"status": "OFFLINE", "msg": "no active live broadcast on the channel"}
2026-09-05 12:07:10 check 4/6: {"status": "OFFLINE", "msg": "no active live broadcast on the channel"}
2026-09-05 12:07:22 check 5/6: {"status": "OFFLINE", "msg": "no active live broadcast on the channel"}
2026-09-05 12:07:35 check 6/6: {"status": "OFFLINE", "msg": "no active live broadcast on the channel"}
2026-09-05 12:07:35 ACTION: channel OFFLINE - requesting a broadcast rotation (stop, gap, start)
2026-09-05 12:08:46 golden reference refreshed from latest publisher start frame
2026-09-05 12:08:47 check 1/6: {"status": "OFFLINE", "msg": "no active live broadcast on the channel"}
2026-09-05 12:08:59 check 2/6: {"status": "OFFLINE", "msg": "no active live broadcast on the channel"}
2026-09-05 12:09:11 check 3/6: {"status": "OFFLINE", "msg": "no active live broadcast on the channel"}
2026-09-05 12:09:24 check 4/6: {"status": "OFFLINE", "msg": "no active live broadcast on the channel"}
2026-09-05 12:09:36 check 5/6: {"status": "OFFLINE", "msg": "no active live broadcast on the channel"}
2026-09-05 12:09:49 check 6/6: {"status": "OFFLINE", "msg": "no active live broadcast on the channel"}
2026-09-05 12:09:49 ACTION: channel OFFLINE - requesting a broadcast rotation (stop, gap, start)
2026-09-05 12:11:00 golden reference refreshed from latest publisher start frame
2026-09-05 12:11:01 check 1/6: {"status": "OFFLINE", "msg": "no active live broadcast on the channel"}
2026-09-05 12:11:13 check 2/6: {"status": "OFFLINE", "msg": "no active live broadcast on the channel"}
2026-09-05 12:11:26 check 3/6: {"status": "OFFLINE", "msg": "no active live broadcast on the channel"}
2026-09-05 12:11:38 check 4/6: {"status": "OFFLINE", "msg": "no active live broadcast on the channel"}
2026-09-05 12:11:50 check 5/6: {"status": "OFFLINE", "msg": "no active live broadcast on the channel"}
2026-09-05 12:12:04 check 6/6: {"status": "OFFLINE", "msg": "no active live broadcast on the channel"}
2026-09-05 12:12:04 ACTION: channel OFFLINE - requesting a broadcast rotation (stop, gap, start)
2026-09-05 12:13:24 golden reference refreshed from latest publisher start frame
2026-09-05 12:13:26 check 1/6: {"status": "OFFLINE", "msg": "no active live broadcast on the channel"}
2026-09-05 12:13:39 check 2/6: {"status": "OFFLINE", "msg": "no active live broadcast on the channel"}
2026-09-05 12:13:52 check 3/6: {"status": "OFFLINE", "msg": "no active live broadcast on the channel"}
2026-09-05 12:14:04 check 4/6: {"status": "OFFLINE", "msg": "no active live broadcast on the channel"}
2026-09-05 12:14:17 check 5/6: {"status": "OFFLINE", "msg": "no active live broadcast on the channel"}
2026-09-05 12:14:31 check 6/6: {"status": "OFFLINE", "msg": "no active live broadcast on the channel"}
2026-09-05 12:14:31 ACTION: channel OFFLINE - requesting a broadcast rotation (stop, gap, start)
2026-09-05 12:15:41 golden reference refreshed from latest publisher start frame
2026-09-05 12:15:43 check 1/6: {"status": "OFFLINE", "msg": "no active live broadcast on the channel"}
2026-09-05 12:15:55 check 2/6: {"status": "OFFLINE", "msg": "no active live broadcast on the channel"}
2026-09-05 12:16:08 check 3/6: {"status": "OFFLINE", "msg": "no active live broadcast on the channel"}
2026-09-05 12:16:21 check 4/6: {"status": "OFFLINE", "msg": "no active live broadcast on the channel"}
2026-09-05 12:16:35 check 5/6: {"status": "OFFLINE", "msg": "no active live broadcast on the channel"}
2026-09-05 12:16:48 check 6/6: {"status": "OFFLINE", "msg": "no active live broadcast on the channel"}
2026-09-05 12:16:48 ACTION: channel OFFLINE - requesting a broadcast rotation (stop, gap, start)
2026-09-05 12:17:59 golden reference refreshed from latest publisher start frame
2026-09-05 12:18:00 check 1/6: {"status": "OFFLINE", "msg": "no active live broadcast on the channel"}
2026-09-05 12:18:12 check 2/6: {"status": "OFFLINE", "msg": "no active live broadcast on the channel"}
2026-09-05 12:18:25 check 3/6: {"status": "OFFLINE", "msg": "no active live broadcast on the channel"}
2026-09-05 12:18:38 check 4/6: {"status": "OFFLINE", "msg": "no active live broadcast on the channel"}
2026-09-05 12:18:51 check 5/6: {"status": "OFFLINE", "msg": "no active live broadcast on the channel"}
2026-09-05 12:19:04 check 6/6: {"status": "OFFLINE", "msg": "no active live broadcast on the channel"}
2026-09-05 12:19:04 ACTION: channel OFFLINE - requesting a broadcast rotation (stop, gap, start)
2026-09-05 12:20:15 golden reference refreshed from latest publisher start frame
2026-09-05 12:20:16 check 1/6: {"status": "OFFLINE", "msg": "no active live broadcast on the channel"}
2026-09-05 12:20:28 check 2/6: {"status": "OFFLINE", "msg": "no active live broadcast on the channel"}
2026-09-05 12:20:41 check 3/6: {"status": "OFFLINE", "msg": "no active live broadcast on the channel"}
2026-09-05 12:20:54 check 4/6: {"status": "OFFLINE", "msg": "no active live broadcast on the channel"}
2026-09-05 12:21:07 check 5/6: {"status": "OFFLINE", "msg": "no active live broadcast on the channel"}
2026-09-05 12:21:20 check 6/6: {"status": "OFFLINE", "msg": "no active live broadcast on the channel"}
2026-09-05 12:21:20 ACTION: channel OFFLINE - requesting a broadcast rotation (stop, gap, start)
2026-09-05 12:22:30 golden reference refreshed from latest publisher start frame
2026-09-05 12:22:32 check 1/6: {"status": "OFFLINE", "msg": "no active live broadcast on the channel"}
2026-09-05 12:22:44 check 2/6: {"status": "OFFLINE", "msg": "no active live broadcast on the channel"}
2026-09-05 12:22:57 check 3/6: {"status": "OFFLINE", "msg": "no active live broadcast on the channel"}
2026-09-05 12:23:09 check 4/6: {"status": "OFFLINE", "msg": "no active live broadcast on the channel"}
2026-09-05 12:23:22 check 5/6: {"status": "OFFLINE", "msg": "no active live broadcast on the channel"}
2026-09-05 12:23:36 check 6/6: {"status": "OFFLINE", "msg": "no active live broadcast on the channel"}
2026-09-05 12:23:36 ACTION: channel OFFLINE - requesting a broadcast rotation (stop, gap, start)
2026-09-05 12:24:46 golden reference refreshed from latest publisher start frame
2026-09-05 12:24:50 check 1/6: {"status": "OFFLINE", "msg": "no active live broadcast on the channel"}
2026-09-05 12:25:01 check 2/6: {"status": "OFFLINE", "msg": "no active live broadcast on the channel"}
2026-09-05 12:25:14 check 3/6: {"status": "OFFLINE", "msg": "no active live broadcast on the channel"}
2026-09-05 12:25:27 check 4/6: {"status": "OFFLINE", "msg": "no active live broadcast on the channel"}
2026-09-05 12:25:40 check 5/6: {"status": "OFFLINE", "msg": "no active live broadcast on the channel"}
2026-09-05 12:25:54 check 6/6: {"status": "OFFLINE", "msg": "no active live broadcast on the channel"}
2026-09-05 12:25:54 ACTION: channel OFFLINE - requesting a broadcast rotation (stop, gap, start)
2026-09-05 12:27:14 golden reference refreshed from latest publisher start frame
2026-09-05 12:27:16 check 1/6: {"status": "OFFLINE", "msg": "no active live broadcast on the channel"}
2026-09-05 12:27:28 check 2/6: {"status": "OFFLINE", "msg": "no active live broadcast on the channel"}
2026-09-05 12:27:41 check 3/6: {"status": "OFFLINE", "msg": "no active live broadcast on the channel"}
2026-09-05 12:27:53 check 4/6: {"status": "OFFLINE", "msg": "no active live broadcast on the channel"}
2026-09-05 12:28:06 check 5/6: {"status": "OFFLINE", "msg": "no active live broadcast on the channel"}
2026-09-05 12:28:20 check 6/6: {"status": "OFFLINE", "msg": "no active live broadcast on the channel"}
2026-09-05 12:28:20 ACTION: channel OFFLINE - requesting a broadcast rotation (stop, gap, start)
2026-09-05 12:29:30 golden reference refreshed from latest publisher start frame
2026-09-05 12:29:32 check 1/6: {"status": "OFFLINE", "msg": "no active live broadcast on the channel"}
2026-09-05 12:29:43 check 2/6: {"status": "OFFLINE", "msg": "no active live broadcast on the channel"}
2026-09-05 12:29:56 check 3/6: {"status": "OFFLINE", "msg": "no active live broadcast on the channel"}
2026-09-05 12:30:09 check 4/6: {"status": "OFFLINE", "msg": "no active live broadcast on the channel"}
2026-09-05 12:30:22 check 5/6: {"status": "OFFLINE", "msg": "no active live broadcast on the channel"}
2026-09-05 12:31:01 check 6/6: {"status": "OFFLINE", "msg": "no active live broadcast on the channel"}
2026-09-05 12:31:01 ACTION: channel OFFLINE - requesting a broadcast rotation (stop, gap, start)
2026-09-05 12:32:22 golden reference refreshed from latest publisher start frame
2026-09-05 12:32:24 check 1/6: {"status": "OFFLINE", "msg": "no active live broadcast on the channel"}
2026-09-05 12:32:37 check 2/6: {"status": "OFFLINE", "msg": "no active live broadcast on the channel"}
2026-09-05 12:32:50 check 3/6: {"status": "OFFLINE", "msg": "no active live broadcast on the channel"}
2026-09-05 12:33:04 check 4/6: {"status": "OFFLINE", "msg": "no active live broadcast on the channel"}
2026-09-05 12:33:18 check 5/6: {"status": "OFFLINE", "msg": "no active live broadcast on the channel"}
2026-09-05 12:33:31 check 6/6: {"status": "OFFLINE", "msg": "no active live broadcast on the channel"}
2026-09-05 12:33:31 ACTION: channel OFFLINE - requesting a broadcast rotation (stop, gap, start)
2026-09-05 12:34:52 golden reference refreshed from latest publisher start frame
2026-09-05 12:34:54 check 1/6: {"status": "OFFLINE", "msg": "no active live broadcast on the channel"}
2026-09-05 12:35:08 check 2/6: {"status": "OFFLINE", "msg": "no active live broadcast on the channel"}
2026-09-05 12:35:22 check 3/6: {"status": "OFFLINE", "msg": "no active live broadcast on the channel"}
2026-09-05 12:35:35 check 4/6: {"status": "OFFLINE", "msg": "no active live broadcast on the channel"}
2026-09-05 12:35:49 check 5/6: {"status": "OFFLINE", "msg": "no active live broadcast on the channel"}
2026-09-05 12:36:04 check 6/6: {"status": "OFFLINE", "msg": "no active live broadcast on the channel"}
2026-09-05 12:36:04 ACTION: channel OFFLINE - requesting a broadcast rotation (stop, gap, start)
2026-09-05 12:37:25 golden reference refreshed from latest publisher start frame
2026-09-05 12:37:30 check 1/6: {"status": "OFFLINE", "msg": "no active live broadcast on the channel"}
2026-09-05 12:37:45 check 2/6: {"status": "OFFLINE", "msg": "no active live broadcast on the channel"}
2026-09-05 12:38:00 check 3/6: {"status": "OFFLINE", "msg": "no active live broadcast on the channel"}
2026-09-05 12:38:16 check 4/6: {"status": "OFFLINE", "msg": "no active live broadcast on the channel"}
2026-09-05 12:38:30 check 5/6: {"status": "OFFLINE", "msg": "no active live broadcast on the channel"}
2026-09-05 12:38:47 check 6/6: {"status": "OFFLINE", "msg": "no active live broadcast on the channel"}
2026-09-05 12:38:47 ACTION: channel OFFLINE - requesting a broadcast rotation (stop, gap, start)
2026-09-05 12:40:08 golden reference refreshed from latest publisher start frame
2026-09-05 12:40:11 check 1/6: {"status": "OFFLINE", "msg": "no active live broadcast on the channel"}
2026-09-05 12:40:26 check 2/6: {"status": "OFFLINE", "msg": "no active live broadcast on the channel"}
2026-09-05 12:40:43 check 3/6: {"status": "OFFLINE", "msg": "no active live broadcast on the channel"}
2026-09-05 12:40:57 check 4/6: {"status": "OFFLINE", "msg": "no active live broadcast on the channel"}
2026-09-05 12:41:12 check 5/6: {"status": "OFFLINE", "msg": "no active live broadcast on the channel"}
2026-09-05 12:41:28 check 6/6: {"status": "OFFLINE", "msg": "no active live broadcast on the channel"}
2026-09-05 12:41:28 ACTION: channel OFFLINE - requesting a broadcast rotation (stop, gap, start)
2026-09-05 12:42:48 golden reference refreshed from latest publisher start frame
2026-09-05 12:42:51 check 1/6: {"status": "OFFLINE", "msg": "no active live broadcast on the channel"}
2026-09-05 12:43:05 check 2/6: {"status": "OFFLINE", "msg": "no active live broadcast on the channel"}
2026-09-05 12:43:19 check 3/6: {"status": "OFFLINE", "msg": "no active live broadcast on the channel"}
2026-09-05 12:43:33 check 4/6: {"status": "OFFLINE", "msg": "no active live broadcast on the channel"}
2026-09-05 12:43:47 check 5/6: {"status": "OFFLINE", "msg": "no active live broadcast on the channel"}
2026-09-05 12:44:01 check 6/6: {"status": "OFFLINE", "msg": "no active live broadcast on the channel"}
2026-09-05 12:44:01 ACTION: channel OFFLINE - requesting a broadcast rotation (stop, gap, start)
2026-09-05 12:45:21 golden reference refreshed from latest publisher start frame
2026-09-05 12:45:24 check 1/6: {"status": "OFFLINE", "msg": "no active live broadcast on the channel"}
2026-09-05 12:45:38 check 2/6: {"status": "OFFLINE", "msg": "no active live broadcast on the channel"}
2026-09-05 12:45:52 check 3/6: {"status": "OFFLINE", "msg": "no active live broadcast on the channel"}
2026-09-05 12:46:06 check 4/6: {"status": "OFFLINE", "msg": "no active live broadcast on the channel"}
2026-09-05 12:46:20 check 5/6: {"status": "OFFLINE", "msg": "no active live broadcast on the channel"}
2026-09-05 12:46:34 check 6/6: {"status": "OFFLINE", "msg": "no active live broadcast on the channel"}
2026-09-05 12:46:34 ACTION: channel OFFLINE - requesting a broadcast rotation (stop, gap, start)
2026-09-05 12:47:45 golden reference refreshed from latest publisher start frame
2026-09-05 12:47:47 check 1/6: {"status": "OFFLINE", "msg": "no active live broadcast on the channel"}
2026-09-05 12:48:00 check 2/6: {"status": "OFFLINE", "msg": "no active live broadcast on the channel"}
2026-09-05 12:48:14 check 3/6: {"status": "OFFLINE", "msg": "no active live broadcast on the channel"}
2026-09-05 12:48:28 check 4/6: {"status": "OFFLINE", "msg": "no active live broadcast on the channel"}
2026-09-05 12:48:42 check 5/6: {"status": "OFFLINE", "msg": "no active live broadcast on the channel"}
2026-09-05 12:48:55 check 6/6: {"status": "OFFLINE", "msg": "no active live broadcast on the channel"}
2026-09-05 12:48:55 ACTION: channel OFFLINE - requesting a broadcast rotation (stop, gap, start)
2026-09-05 12:50:05 golden reference refreshed from latest publisher start frame
2026-09-05 12:50:07 check 1/6: {"status": "OFFLINE", "msg": "no active live broadcast on the channel"}
2026-09-05 12:50:20 check 2/6: {"status": "OFFLINE", "msg": "no active live broadcast on the channel"}
2026-09-05 12:50:34 check 3/6: {"status": "OFFLINE", "msg": "no active live broadcast on the channel"}
2026-09-05 12:50:48 check 4/6: {"status": "OFFLINE", "msg": "no active live broadcast on the channel"}
2026-09-05 12:51:02 check 5/6: {"status": "OFFLINE", "msg": "no active live broadcast on the channel"}
2026-09-05 12:51:15 check 6/6: {"status": "OFFLINE", "msg": "no active live broadcast on the channel"}
2026-09-05 12:51:15 ACTION: channel OFFLINE - requesting a broadcast rotation (stop, gap, start)
2026-09-05 12:52:26 golden reference refreshed from latest publisher start frame
2026-09-05 12:52:28 check 1/6: {"status": "OFFLINE", "msg": "no active live broadcast on the channel"}
2026-09-05 12:52:40 check 2/6: {"status": "OFFLINE", "msg": "no active live broadcast on the channel"}
2026-09-05 12:52:53 check 3/6: {"status": "OFFLINE", "msg": "no active live broadcast on the channel"}
2026-09-05 12:52:56 monitor start: @ternaklaundrybengkong every 10s, act after 6 bad checks (restart)
2026-09-05 12:52:57 check 1/30: {"status": "OFFLINE", "msg": "no active live broadcast on the channel"}
2026-09-05 12:59:58 golden reference refreshed from latest publisher start frame
2026-09-05 13:00:06 check 1/30: {"status": "OFFLINE", "msg": "no active live broadcast on the channel"}
2026-09-05 13:00:23 check 2/30: {"status": "OFFLINE", "msg": "no active live broadcast on the channel"}
2026-09-05 13:00:40 check 3/30: {"status": "OFFLINE", "msg": "no active live broadcast on the channel"}
2026-09-05 13:00:57 check 4/30: {"status": "OFFLINE", "msg": "no active live broadcast on the channel"}
2026-09-05 13:01:14 check 5/30: {"status": "OFFLINE", "msg": "no active live broadcast on the channel"}
2026-09-05 13:01:31 check 6/30: {"status": "OFFLINE", "msg": "no active live broadcast on the channel"}
2026-09-05 13:01:48 check 7/30: {"status": "OFFLINE", "msg": "no active live broadcast on the channel"}
2026-09-05 13:02:05 check 8/30: {"status": "OFFLINE", "msg": "no active live broadcast on the channel"}
2026-09-05 13:02:22 check 9/30: {"status": "OFFLINE", "msg": "no active live broadcast on the channel"}
2026-09-05 13:02:41 check 10/30: {"status": "OFFLINE", "msg": "no active live broadcast on the channel"}
2026-09-05 13:02:59 check 11/30: {"status": "OFFLINE", "msg": "no active live broadcast on the channel"}
2026-09-05 13:03:15 check 12/30: {"status": "OFFLINE", "msg": "no active live broadcast on the channel"}
2026-09-05 13:03:33 check 13/30: {"status": "OFFLINE", "msg": "no active live broadcast on the channel"}
2026-09-05 13:03:51 check 14/30: {"status": "OFFLINE", "msg": "no active live broadcast on the channel"}
2026-09-05 13:04:08 check 15/30: {"status": "OFFLINE", "msg": "no active live broadcast on the channel"}
2026-09-05 13:04:25 check 16/30: {"status": "OFFLINE", "msg": "no active live broadcast on the channel"}
2026-09-05 13:04:43 check 17/30: {"status": "OFFLINE", "msg": "no active live broadcast on the channel"}
2026-09-05 13:05:00 check 18/30: {"status": "OFFLINE", "msg": "no active live broadcast on the channel"}
2026-09-05 13:05:17 check 19/30: {"status": "OFFLINE", "msg": "no active live broadcast on the channel"}
2026-09-05 13:05:35 check 20/30: {"status": "OFFLINE", "msg": "no active live broadcast on the channel"}
2026-09-05 13:05:52 check 21/30: {"status": "OFFLINE", "msg": "no active live broadcast on the channel"}
2026-09-05 13:06:11 check 22/30: {"status": "OFFLINE", "msg": "no active live broadcast on the channel"}
2026-09-05 13:06:31 check 23/30: {"status": "OFFLINE", "msg": "no active live broadcast on the channel"}
2026-09-05 13:06:50 check 24/30: {"status": "OFFLINE", "msg": "no active live broadcast on the channel"}
2026-09-05 13:07:08 check 25/30: {"status": "OFFLINE", "msg": "no active live broadcast on the channel"}
2026-09-05 13:07:27 check 26/30: {"status": "OFFLINE", "msg": "no active live broadcast on the channel"}
2026-09-05 13:07:46 check 27/30: {"status": "OFFLINE", "msg": "no active live broadcast on the channel"}
2026-09-05 13:08:04 check 28/30: {"status": "OFFLINE", "msg": "no active live broadcast on the channel"}
2026-09-05 13:08:21 check 29/30: {"status": "OFFLINE", "msg": "no active live broadcast on the channel"}
2026-09-05 13:08:38 check 30/30: {"status": "OFFLINE", "msg": "no active live broadcast on the channel"}
2026-09-05 13:08:39 ACTION: channel OFFLINE for 30 checks - requesting a broadcast rotation (stop, gap, start); backing off 900s
2026-09-05 13:23:39 golden reference refreshed from latest publisher start frame
2026-09-05 13:23:48 check 1/30: {"status": "OFFLINE", "msg": "no active live broadcast on the channel"}
2026-09-05 13:24:05 check 2/30: {"status": "OFFLINE", "msg": "no active live broadcast on the channel"}
2026-09-05 13:24:22 check 3/30: {"status": "OFFLINE", "msg": "no active live broadcast on the channel"}
2026-09-05 13:24:40 check 4/30: {"status": "OFFLINE", "msg": "no active live broadcast on the channel"}
2026-09-05 13:24:57 check 5/30: {"status": "OFFLINE", "msg": "no active live broadcast on the channel"}
2026-09-05 13:25:14 check 6/30: {"status": "OFFLINE", "msg": "no active live broadcast on the channel"}
2026-09-05 13:25:32 check 7/30: {"status": "OFFLINE", "msg": "no active live broadcast on the channel"}
2026-09-05 13:25:50 check 8/30: {"status": "OFFLINE", "msg": "no active live broadcast on the channel"}
2026-09-05 13:26:09 check 9/30: {"status": "OFFLINE", "msg": "no active live broadcast on the channel"}
2026-09-05 13:26:30 check 10/30: {"status": "OFFLINE", "msg": "no active live broadcast on the channel"}
2026-09-05 13:26:47 check 11/30: {"status": "OFFLINE", "msg": "no active live broadcast on the channel"}
2026-09-05 13:27:05 check 12/30: {"status": "OFFLINE", "msg": "no active live broadcast on the channel"}
2026-09-05 13:27:22 check 13/30: {"status": "OFFLINE", "msg": "no active live broadcast on the channel"}
2026-09-05 13:27:39 check 14/30: {"status": "OFFLINE", "msg": "no active live broadcast on the channel"}
2026-09-05 13:27:57 check 15/30: {"status": "OFFLINE", "msg": "no active live broadcast on the channel"}
2026-09-05 13:28:14 check 16/30: {"status": "OFFLINE", "msg": "no active live broadcast on the channel"}
2026-09-05 13:28:31 check 17/30: {"status": "OFFLINE", "msg": "no active live broadcast on the channel"}
2026-09-05 13:28:48 check 18/30: {"status": "OFFLINE", "msg": "no active live broadcast on the channel"}
2026-09-05 13:29:05 check 19/30: {"status": "OFFLINE", "msg": "no active live broadcast on the channel"}
2026-09-05 13:29:23 check 20/30: {"status": "OFFLINE", "msg": "no active live broadcast on the channel"}
2026-09-05 13:29:40 check 21/30: {"status": "OFFLINE", "msg": "no active live broadcast on the channel"}
2026-09-05 13:29:58 check 22/30: {"status": "OFFLINE", "msg": "no active live broadcast on the channel"}
2026-09-05 13:30:15 check 23/30: {"status": "OFFLINE", "msg": "no active live broadcast on the channel"}
2026-09-05 13:30:32 check 24/30: {"status": "OFFLINE", "msg": "no active live broadcast on the channel"}
2026-09-05 13:30:50 check 25/30: {"status": "OFFLINE", "msg": "no active live broadcast on the channel"}
2026-09-05 13:31:07 check 26/30: {"status": "OFFLINE", "msg": "no active live broadcast on the channel"}
2026-09-05 13:31:24 check 27/30: {"status": "OFFLINE", "msg": "no active live broadcast on the channel"}
2026-09-05 13:31:41 check 28/30: {"status": "OFFLINE", "msg": "no active live broadcast on the channel"}
2026-09-05 13:31:59 check 29/30: {"status": "OFFLINE", "msg": "no active live broadcast on the channel"}
2026-09-05 13:32:16 check 30/30: {"status": "OFFLINE", "msg": "no active live broadcast on the channel"}
2026-09-05 13:32:16 ACTION: channel OFFLINE for 30 checks - requesting a broadcast rotation (stop, gap, start); backing off 900s
